lat	lon	value	id	class	image_date	image_source	notes	discard	reason
2142557.139	386863.1596	1	1	n	8/22/2012	maxar	river bed		
2253827.139	402193.1596	1	2	w	8/11/2014	maxar	freshwater		
2099237.139	306493.1596	1	3	u	12/1/2016	landsat	could be glacier		
2140337.139	310273.1596	1	4	n	3/9/2007	maxar	likely a seasonal snow problem		
2147327.139	350383.1596	1	5	n	8/4/2012	maxar	likely a seasonal snow problem		
2119337.139	345223.1596	1	6	n	8/1/2016	landsat	likely a seasonal snow problem		
2133647.139	375193.1596	1	7	u		maxar	could be glacier		
2127167.139	351613.1596	1	8	n	12/1/2016	landsat			
2161187.139	312013.1596	1	9	n	12/1/2016	landsat			
2164517.139	331753.1596	1	10	n	12/1/2016	landsat			
2042147.139	183763.1596	1	11	s	7/1/2007	maxar	seasonal snow		
2095757.139	321103.1596	1	12	n	8/8/2010	maxar			
1950707.139	-186226.8404	1	13	n	6/21/2015	maxar			
2131247.139	364123.1596	1	14	u	12/1/2016	landsat	unlikely glacier		
2175707.139	389233.1596	1	15	u	8/22/2012	maxar	very close to glacier	y	too close to edge
2245247.139	475993.1596	1	16	n	8/22/2012	maxar			
2079257.139	271453.1596	1	17	g	8/22/2012	maxar	near edg	m	near edge
2091107.139	326353.1596	1	18	u		maxar	shaded		
2025107.139	138403.1596	1	19	n	7/1/2007	maxar			
2103107.139	313633.1596	1	20	u		landsat	could be glacier		
2167307.139	354613.1596	1	21	n	8/4/2012	maxar			
2166467.139	354733.1596	1	22	n	8/4/2012	maxar			
2195237.139	339013.1596	1	23	n	8/4/2012	maxar			
2120237.139	302983.1596	1	24	n	8/8/2010	maxar			
2154197.139	357973.1596	1	25	n	8/4/2012	maxar			
2123237.139	325393.1596	1	26	n	8/8/2010	maxar			
2100647.139	333853.1596	1	27	n	12/1/2016	landsat			
2208677.139	431173.1596	1	28	n	7/10/2012	maxar	river bed		
1937447.139	-156826.8404	1	29	n	8/23/2014	maxar	river bed		
2033987.139	2833.1596	1	30	s	8/23/2014	maxar	seasonal snow		
2155457.139	357463.1596	1	31	n	8/22/2012	maxar			
2250827.139	-24586.8404	1	32	n	9/18/2012	maxar			
2092847.139	327973.1596	1	33	n	8/8/2010	maxar			
2006807.139	379933.1596	1	34	n	12/1/2016	landsat			
2094557.139	380833.1596	1	35	n	12/1/2016	landsat	seasonal snow		
2145347.139	317593.1596	1	36	n	8/20/2009	maxar			
2065277.139	191593.1596	1	37	s	5/24/2002	maxar	seasonal snow		
2121617.139	348073.1596	1	38	n	6/7/2011	maxar			
2098787.139	337093.1596	1	39	n	12/1/2016	landsat			
2244377.139	478453.1596	1	40	n	8/7/2004	maxar			
2162927.139	400303.1596	1	41	u	7/10/2012	maxar	glacier edg	y	too close to edge
2080487.139	271243.1596	1	42	g	6/25/2010	maxar			
2125997.139	350173.1596	1	43	n	12/1/2016	landsat			
2134127.139	272113.1596	1	44	n	9/19/2012	maxar	shaded snow		
2311997.139	24793.1596	1	45	w	7/13/2009	maxar	freshwater		
2313077.139	31843.1596	1	46	w	7/13/2009	maxar			
2133197.139	308383.1596	1	47	u		maxar	too shaded		
2296037.139	32623.1596	1	48	n	9/24/2012	maxar			
2102537.139	335443.1596	1	49	u	12/1/2016	landsat	low res		
2234267.139	461053.1596	1	50	n	12/1/2016	landsat	river bed		
2120717.139	348943.1596	1	51	s	6/7/2011	maxar	snow		
2057267.139	241483.1596	1	52	n	8/25/2013	maxar	near glacier		
2164097.139	356263.1596	1	53	n	8/4/2012	maxar			
2166677.139	339193.1596	1	54	u	12/1/2016	landsat	low res		
2244407.139	479023.1596	1	55	n	8/7/2004	maxar			
2142977.139	367033.1596	1	56	n	8/22/2012	maxar			
2204627.139	344683.1596	1	57	n	8/4/2012	maxar			
2192207.139	337303.1596	1	58	u	12/1/2016	landsat	low res		
2166047.139	341083.1596	1	59	u	12/1/2016	landsat	low res		
2150807.139	236083.1596	1	60	n	7/6/2014	maxar	river bed		
2119547.139	345433.1596	1	61	n	12/1/2016	maxar			
2125157.139	394723.1596	1	62	g	7/10/2012	maxar			
2119187.139	301423.1596	1	63	n	12/1/2016	landsat			
2154707.139	288163.1596	1	64	n	12/1/2016	landsat			
2145437.139	344533.1596	1	65	n	8/4/2012	maxar			
2226077.139	-21886.8404	1	66	n	6/13/2012	maxar			
2125127.139	346003.1596	1	67	u		landsat	low res		
2123537.139	396793.1596	1	68	u		maxar	insufficient images		
2270867.139	399523.1596	1	69	n	7/30/2015	maxar			
2151317.139	415063.1596	1	70	u		maxar	insufficient images		
2126207.139	324793.1596	1	71	n	8/8/2010	maxar			
2252027.139	-105616.8404	1	72	n	6/17/2011	maxar			
2164727.139	355243.1596	1	73	n	8/4/2012	maxar			
2152607.139	366043.1596	1	74	u		maxar	too shaded		
2177927.139	345613.1596	1	75	n	8/4/2012	maxar			
2118077.139	306103.1596	1	76	u		landsat	low res		
2096387.139	298573.1596	1	77	u		landsat	too shaded		
2163017.139	354733.1596	1	78	n	8/4/2012	maxar			
2155487.139	421333.1596	1	79	u		landsat	low res		
2217197.139	-22396.8404	1	80	s	6/13/2012	maxar	seasonal snow		
2172617.139	403273.1596	1	81	g	7/10/2012	maxar			
2153027.139	368383.1596	1	82	n	8/22/2012	maxar			
2227547.139	384943.1596	1	83	n	7/10/2012	maxar			
2173007.139	340393.1596	1	84	n	12/1/2016	landsat			
2267327.139	393703.1596	1	85	w	12/1/2016	landsat			
2120927.139	309313.1596	1	86	n	8/8/2010	maxar			
2129657.139	364543.1596	1	87	u			insufficient images		
2210417.139	-70366.8404	1	88	w	12/1/2016	landsat	freshwater		
2127107.139	302233.1596	1	89	n	12/1/2016	landsat			
2153177.139	362713.1596	1	90	n	8/22/2012	landsat			
2099657.139	341383.1596	1	91	n	12/1/2016	landsat			
2029247.139	72853.1596	1	92	n	7/8/2010	maxar			
2160107.139	344323.1596	1	93	n	8/4/2012	maxar			
2186657.139	397513.1596	1	94	n	7/10/2012	maxar			
2146607.139	388333.1596	1	95	n	8/22/2012	maxar			
2106137.139	335203.1596	1	96	n	12/1/2016	landsat			
2105927.139	403573.1596	1	97	n	12/1/2016	landsat			
2219597.139	436603.1596	1	98	n	7/10/2012	maxar			
2180417.139	388213.1596	1	99	u		maxar	glacier edg	y	too close to edge
2024867.139	174103.1596	1	100	u		maxar	glacier edg	y	too close to edge
2115677.139	335083.1596	1	101	n	12/1/2016	landsat			
2159327.139	343453.1596	1	102	n	8/4/2012	maxar			
2019677.139	146203.1596	1	103	u	7/10/2012	maxar	glacier  	y	too small of a feature
2141597.139	344923.1596	1	104	u		maxar	clouds		
2186627.139	397873.1596	1	105	n	7/10/2012	maxar			
2110607.139	114193.1596	1	106	n	8/21/2011	maxar			
2168147.139	336823.1596	1	107	u		landsat	insufficient images		
2168117.139	363103.1596	1	108	n	8/22/2012	maxar			
2171147.139	394513.1596	1	109	u		maxar	insufficient images		
2052557.139	238063.1596	1	110	g	8/2/2013	maxar			
2150027.139	309703.1596	1	111	u		landsat	low res		
1944677.139	-21466.8404	1	112	u		landsat	low res		
2105717.139	327073.1596	1	113	u		landsat	low res		
2238227.139	474463.1596	1	114	n	8/21/2004	maxar			
2188757.139	291163.1596	1	115	n	12/1/2016	landsat			
2145497.139	349663.1596	1	116	u		maxar	clouds		
2100407.139	335353.1596	1	117	u		landsat	low res		
2116037.139	88783.1596	1	118	w	12/1/2016	landsat			
2052557.139	238183.1596	1	119	u				y	too close to another pt
2151377.139	364483.1596	1	120	u	8/22/2012	maxar	glacier	y	too close to edge
2204357.139	135523.1596	1	121	n	6/7/2010	maxar			
2238287.139	177643.1596	1	122	n	9/7/2014	maxar			
2134517.139	273313.1596	1	123	u	9/19/2012	maxar	could be glacier		
2162477.139	348133.1596	1	124	n	8/4/2012	maxar			
2038727.139	373993.1596	1	125	w	8/31/2008	maxar	freshwater		
2150567.139	414853.1596	1	126	g	6/27/2013	maxar			
2151737.139	304393.1596	1	127	u		landsat	probably not glacier		
2148347.139	368803.1596	1	128	u	8/22/2012	maxar	very shaded		
2237837.139	-192826.8404	1	129	n	8/14/2005	maxar			
2141357.139	387703.1596	1	130	u		maxar	shaded		
2094437.139	332353.1596	1	131	n	12/1/2016	landsat			
2192477.139	473413.1596	1	132	n	8/12/2012	maxar			
2055887.139	239983.1596	1	133	g	8/25/2013	maxar			
2228807.139	421693.1596	1	134	n	8/11/2014	maxar			
2092727.139	215233.1596	1	135	n	6/20/2003	maxar			
2157407.139	361603.1596	1	136	n	8/4/2012	maxar			
2120447.139	346903.1596	1	137	n	12/1/2016	landsat			
2315567.139	28273.1596	1	138	w	7/13/2009	maxar			
2152367.139	342913.1596	1	139	u		maxar	could be glacier		
2147507.139	307513.1596	1	140	u		maxar	unlikely glacier		
2146667.139	346963.1596	1	141	n	8/4/2012	maxar			
2107547.139	344503.1596	1	142	u	12/1/2012	maxar			
2174237.139	385873.1596	1	143	u	8/22/2012	maxar	near glacier		
2211857.139	431473.1596	1	144	n	7/10/2012	maxar			
2133857.139	303043.1596	1	145	u		maxar	could be glacier		
2154737.139	350593.1596	1	146	n	8/4/2012	maxar			
2120057.139	344923.1596	1	147	u		landsat			
2239757.139	429853.1596	1	148	n	7/10/2012	maxar			
2085827.139	231013.1596	1	149	n	8/25/2013	maxar	river bed		
2049977.139	236713.1596	1	150	u	8/25/2013	maxar	could be glacier		
2086727.139	221023.1596	1	151	n	8/17/2013	maxar			
2134097.139	355603.1596	1	152	n	8/4/2012	maxar			
2102837.139	342283.1596	1	153	n		maxar			
2122307.139	352393.1596	1	154	n	6/7/2011	maxar			
2103257.139	339373.1596	1	155	n	12/1/2016	landsat			
2128427.139	416263.1596	1	156	n	12/1/2016	landsat			
2245667.139	476443.1596	1	157	w	8/7/2004	maxar			
2160257.139	231643.1596	1	158	n	6/17/2010	maxar			
2169347.139	345823.1596	1	159	n	8/4/2012	maxar			
2236727.139	449623.1596	1	160	n	8/8/2004	maxar			
2092607.139	328723.1596	1	161	u		maxar	shaded		
2229557.139	421663.1596	1	162	n	8/11/2014	maxar			
2162177.139	365443.1596	1	163	g	8/22/2012	maxar			
2243957.139	474643.1596	1	164	n	8/7/2004	maxar			
2095637.139	341653.1596	1	165	n	12/1/2016	maxar			
2072327.139	266503.1596	1	166	n	6/25/2010	maxar			
2111597.139	65323.1596	1	167	n	7/8/2010	maxar			
2204027.139	338083.1596	1	168	n	8/4/2012	maxar			
2167337.139	365053.1596	1	169	u		maxar	near glacier	y	too close to edge
2281787.139	-36526.8404	1	170	n	8/7/2012	maxar			
2166797.139	343423.1596	1	171	n	8/4/2012	maxar			
2024597.139	-15496.8404	1	172	u		maxar	unlikely glacier		
2106977.139	338923.1596	1	173	n	12/1/2016	landsat			
2084687.139	295933.1596	1	174	u		landsat	low res		
2253737.139	-94306.8404	1	175	n	6/24/2019	CNES 			
2212397.139	145783.1596	1	176	n	6/13/2014	maxar			
2065907.139	188923.1596	1	177	n	6/20/2010	maxar			
2133497.139	309523.1596	1	178	n	9/24/2012	maxar			
2161517.139	393013.1596	1	179	g	9/6/2012	maxar			
2200997.139	138013.1596	1	180	n	6/7/2010	maxar			
2178107.139	343003.1596	1	181	n	8/4/2012	maxar			
2168147.139	363703.1596	1	182	n	8/22/2012	maxar			
2241437.139	390103.1596	1	183	n	7/10/2012	maxar			
2179007.139	390613.1596	1	184	u		landsat	low res		
2046227.139	174283.1596	1	185	u		maxar	could be glacier		
2222237.139	454063.1596	1	186	n	12/1/2016	landsat			
2135267.139	357643.1596	1	187	n	8/4/2012	maxar			
2035937.139	17953.1596	1	188	u		landsat	could be glacier		
2159687.139	257773.1596	1	189	n	5/31/2013	maxar			
2118827.139	305353.1596	1	190	u		landsat	low res		
2241827.139	478753.1596	1	191	n	8/21/2004	maxar			
2132267.139	310123.1596	1	192	u		maxar	shaded		
2065547.139	189373.1596	1	193	n	8/12/2012	maxar			
2143787.139	-193816.8404	1	194	n	12/1/2016	landsat			
2236217.139	415753.1596	1	195	n	12/1/2016	landsat			
2166707.139	342673.1596	1	196	n	8/4/2012	maxar			
2163617.139	360613.1596	1	197	u		maxar	could be glacier		
2038067.139	374623.1596	1	198	w	8/22/2012	maxar			
2097437.139	317113.1596	1	199	n	8/22/2012	maxar			
2031407.139	44653.1596	1	200	u		maxar	glacier	y	too close to edge
2163407.139	361753.1596	1	201	n	8/4/2012	maxar			
2024777.139	174493.1596	1	202	g	8/22/2012	maxar		m	near edge
2288987.139	-38326.8404	1	203	n	8/7/2012	maxar			
2162747.139	363973.1596	1	204	n	8/22/2012	maxar			
2121497.139	307813.1596	1	205	n	8/8/2010	maxar			
2139917.139	342133.1596	1	206	n	8/13/2009	maxar			
2281277.139	-61486.8404	1	207	n	7/19/2009	maxar			
2102837.139	337513.1596	1	208	u		landsat	unlikely glacier		
2159507.139	342733.1596	1	209	n	8/4/2012	maxar			
2116817.139	298453.1596	1	210	n	8/4/2012	maxar			
2069477.139	-208426.8404	1	211	n	9/18/2010	maxar			
2122817.139	348043.1596	1	212	n	6/7/2011	maxar		m	near edge
2244347.139	395203.1596	1	213	n	7/10/2012	maxar			
2241827.139	474223.1596	1	214	n	12/1/2016	landsat			
2121017.139	317233.1596	1	215	n	8/8/2010	maxar			
2163737.139	359143.1596	1	216	n	8/4/2012	maxar			
2222357.139	429133.1596	1	217	n	7/10/2012	maxar			
2085347.139	296623.1596	1	218	u		landsat	low res		
2099567.139	330283.1596	1	219	n	12/1/2016	landsat			
1940717.139	-40066.8404	1	220	u		landsat	image artificat 		
2146037.139	384943.1596	1	221	n	8/22/2012	maxar			
2065817.139	192823.1596	1	222	n	4/10/2010	maxar			
2112977.139	300433.1596	1	223	n	12/1/2016	landsat			
2134217.139	413473.1596	1	224	n	4/10/2013	maxar			
2083757.139	373573.1596	1	225	n	12/1/2016	landsat			
2133047.139	308473.1596	1	226	u				y	too close to another pt
2157407.139	318613.1596	1	227	n	12/1/2016	landsat			
2144537.139	394933.1596	1	228	n	8/22/2012	maxar			
1937117.139	-9046.8404	1	229	u		landsat	low res		
2139647.139	325153.1596	1	230	n	8/20/2009	maxar			
2059097.139	236803.1596	1	231	u		maxar	insufficient images		
2069417.139	195343.1596	1	232	n	7/11/2018	maxar			
2254757.139	-99256.8404	1	233	n	6/24/2019	CNES 			
2155907.139	361093.1596	1	234	n	8/22/2012	maxar	near glacier		
2158547.139	257623.1596	1	235	n	5/31/2013	maxar			
2168207.139	368143.1596	1	236	n	8/22/2012	maxar			
2136257.139	303793.1596	1	237	u		maxar	shaded		
2173247.139	404263.1596	1	238	u	7/10/2012	maxar	glacier	y	too close to edge
2240927.139	477853.1596	1	239	n	8/21/2004	maxar			
2323697.139	-141226.8404	1	240	n	7/17/2009	maxar			
2160557.139	311983.1596	1	241	n	12/1/2016	landsat			
2095757.139	315163.1596	1	242	n	8/8/2010	maxar			
2066387.139	193483.1596	1	243	n	9/25/2006	maxar			
2031737.139	196873.1596	1	244	u		maxar	could be glacier		
2168507.139	409363.1596	1	245	d	7/10/2012	maxar	could be glacier		
2022887.139	133693.1596	1	246	g	7/1/2007	maxar		m	temporal disconnect
2108537.139	345463.1596	1	247	n	12/1/2016	landsat			
2141027.139	304753.1596	1	248	n	9/24/2012	maxar			
2245307.139	419863.1596	1	249	n	8/11/2014	maxar			
2033897.139	-19996.8404	1	250	g	12/1/2016	landsat			
2100347.139	318133.1596	1	251	u		maxar			
2158427.139	363883.1596	1	252	n	8/22/2012	maxar	near glacier	y	too close to edge
1944257.139	-21586.8404	1	253	u		landsat	low res		
2314127.139	15553.1596	1	254	w	12/1/2016	landsat			
2176547.139	383533.1596	1	255	n	8/22/2012	maxar	near glacier		
1982957.139	-36916.8404	1	256	u		maxar	shaded		
2120867.139	307303.1596	1	257	u		maxar	unlikely glacier		
2162387.139	365203.1596	1	258	n	8/22/2012	maxar	near glacier	y	too close to edge
2267777.139	8863.1596	1	259	n	7/19/2009	maxar			
2134997.139	353923.1596	1	260	u		maxar	very shaded		
2126567.139	355243.1596	1	261	n	12/1/2016	landsat			
2247407.139	-2206.8404	1	262	w	8/22/2012	maxar			
2129927.139	240643.1596	1	263	n	7/6/2014	maxar			
1997297.139	-149986.8404	1	264	n	6/30/2010	maxar			
2248277.139	-25876.8404	1	265	n	9/19/2012	maxar			
2120147.139	262003.1596	1	266	n	6/25/2010	maxar			
2155127.139	234583.1596	1	267	n	7/6/2014	maxar			
2261867.139	-41386.8404	1	268	n	8/7/2012	maxar			
2101397.139	337003.1596	1	269	n	12/1/2016	landsat			
2138237.139	241033.1596	1	270	n	7/6/2014	maxar			
2112407.139	297943.1596	1	271	u		landsat	low res		
2232347.139	418063.1596	1	272	n	8/11/2014	maxar			
2304557.139	-96196.8404	1	273	n	6/17/2011	maxar			
2101517.139	307903.1596	1	274	n	12/1/2016	landsat			
2237237.139	424303.1596	1	275	n	7/10/2012	maxar			
2171267.139	325723.1596	1	276	u		maxar	low res		
2227067.139	463183.1596	1	277	n	12/1/2016	landsat	river bed		
2096387.139	314623.1596	1	278	u		maxar	very shaded		
2095397.139	334273.1596	1	279	u		landsat			
2029457.139	143323.1596	1	280	u	7/1/2007	maxar	glacier	y	temporal disconnect
2105747.139	343453.1596	1	281	u		landsat	low res		
2141927.139	311743.1596	1	282	u		maxar	image artificat 		
2234567.139	408463.1596	1	283	n	8/11/2014	maxar			
2160857.139	345463.1596	1	284	n	8/4/2012	maxar			
2180237.139	-165796.8404	1	285	n	6/10/2013	maxar	river bed		
2161517.139	360373.1596	1	286	u		maxar	very shaded		
2100107.139	335323.1596	1	287	u		landsat	unlikely glacier		
2118437.139	342973.1596	1	288	n	12/1/2016	landsat			
2168627.139	340813.1596	1	289	u		landsat			
2154137.139	357583.1596	1	290	n	8/4/2012	maxar			
2239727.139	421333.1596	1	291	n	8/11/2014	maxar			
2126927.139	305623.1596	1	292	u		maxar	image artificat 		
2100527.139	306193.1596	1	293	u		landsat	unlikely glacier		
2102267.139	335923.1596	1	294	n	12/1/2016	landsat			
2129297.139	361483.1596	1	295	n	12/1/2016	landsat			
2126357.139	305923.1596	1	296	n	8/8/2010	maxar			
2064587.139	264073.1596	1	297	n	6/25/2010	maxar			
2176097.139	358993.1596	1	298	n	8/4/2012	maxar			
2289707.139	-244096.8404	1	299	n	7/17/2009	maxar			
2037557.139	376213.1596	1	300	w	8/31/2008				
2175467.139	410083.1596	1	301	g	7/10/2012	maxar		m	near edge
2147477.139	365023.1596	1	302	g	8/22/2012	maxar		m	near edge
2179907.139	407203.1596	1	303	g	7/10/2012	maxar	some debris		
2157257.139	421363.1596	1	304	g	12/1/2016	landsat	near nunatak 	y	near edge
2160527.139	422383.1596	1	305	g	12/1/2016	landsat			
2164187.139	398833.1596	1	306	sh	9/6/2012	maxar			
2171087.139	388993.1596	1	307	sh	8/22/2012	maxar	near morrain	m	near edge
2018687.139	141643.1596	1	308	g	7/1/2007	maxar	some debris	m	near edge
2160557.139	391363.1596	1	309	sh	8/22/2012	maxar	close to edge	m	near edge
2159687.139	396433.1596	1	310	g	7/10/2012	maxar			
2146637.139	364813.1596	1	311	u	8/22/2012	maxar	very close to edge	y	too close to edge
2175107.139	392113.1596	1	312	g	8/22/2012	maxar			
2165507.139	408193.1596	1	313	sh	7/10/2012	maxar	near debris	m	close to edge
2165027.139	363703.1596	1	314	u	8/22/2012	maxar		y	close to edge
2175347.139	404953.1596	1	315	u	8/22/2012	maxar	maybe morrain		
2028467.139	77263.1596	1	316	g	7/8/2010	maxar	close to edge	m	very close to edge
2170337.139	410053.1596	1	317	g	7/10/2012	maxar			
2158667.139	395743.1596	1	318	sh	9/6/2012	maxar			
2162777.139	364603.1596	1	319	g	8/22/2012	maxar			
2151797.139	404713.1596	1	320	g	7/10/2012	maxar	some debris		
2170517.139	387943.1596	1	321	u			insufficient images		
2169317.139	363673.1596	1	322	g	8/22/2012	maxar	some debris		
2029487.139	141133.1596	1	323	u	9/22/2012	maxar	near edge	y	too close to edge
2156597.139	413353.1596	1	324	u	12/1/2016	landsat	low res		
2151647.139	417793.1596	1	325	u		landsat			
2166707.139	406663.1596	1	326	d	7/10/2012	maxar			
2084747.139	295783.1596	1	327	u		landsat	low res		
2170697.139	410113.1596	1	328	g	7/10/2012	maxar	near edge	m	near edge
2158847.139	397033.1596	1	329	g	9/6/2012	maxar			
2029217.139	143893.1596	1	330	u	7/1/2007	maxar	clouds		
2158997.139	398593.1596	1	331	g	7/10/2012	maxar	near edge	m	near edge
2179907.139	404143.1596	1	332	g	7/10/2012	maxar			
2150987.139	418963.1596	1	333	g	6/27/2013	maxar			
2125637.139	395563.1596	1	334	g	5/19/2013	maxar			
2155967.139	361993.1596	1	335	g	8/22/2012	maxar			
2150417.139	407023.1596	1	336	u	7/10/2012	maxar	some debris	y	too close to edge
2166677.139	406663.1596	1	337					y	near another point
2166437.139	364543.1596	1	338	g	8/22/2012	maxar	close to edge	m	near edge
2168687.139	394573.1596	1	339	g	7/10/2012	maxar			
1936997.139	-8476.8404	1	340	u		landsat			
2157497.139	391093.1596	1	341	g				y	too close to edge
2172197.139	404713.1596	1	342	g	7/10/2012	maxar	some debris	m	close to edge
2169317.139	396223.1596	1	343	sh	9/6/2012	maxar	some debris		
2020547.139	162823.1596	1	344	u	9/6/2014	maxar	insufficient images	m	
2124917.139	395713.1596	1	345	g	5/19/2013	maxar	some snow cover	m	close to edge
2155187.139	363523.1596	1	346	g	8/22/2012	maxar			
2180087.139	405283.1596	1	347	g	7/10/2012	maxar			
2147807.139	354283.1596	1	348	u	8/4/2012	maxar	could be glacier		
2168057.139	407443.1596	1	349	u	7/10/2012	maxar	too close to edg	y	close to edge
1936817.139	-7156.8404	1	350	u		landsat	low res		
2161607.139	390073.1596	1	351	u		maxar		y	too close to edge
2145557.139	399973.1596	1	352	g	5/19/2013	maxar			
2176097.139	388153.1596	1	353	g	8/22/2012	maxar			
2158997.139	395683.1596	1	354	g	7/10/2012	maxar			
2148587.139	408343.1596	1	355	g	7/10/2012	maxar			
1935977.139	-7036.8404	1	356	u		landsat	low res		
2149577.139	356953.1596	1	357	d	8/4/2012	maxar	could also be morrain		
2177447.139	387883.1596	1	358	u		maxar	could also be glacier		
2161307.139	366073.1596	1	359	g	8/22/2012	maxar			
2154407.139	417073.1596	1	360	u		landsat	could be glacier		
2147897.139	366193.1596	1	361	g	8/22/2012	maxar	some debris		
2171177.139	404713.1596	1	362	g	8/22/2012	maxar	some debris	m	close to edge
2147177.139	355213.1596	1	363	u		maxar	clouds		
2156237.139	412963.1596	1	364	u		landsat	insufficient images		
2148527.139	355993.1596	1	365	g	8/4/2012	maxar			
2173307.139	390493.1596	1	366	u	8/22/2012	maxar	close to edge	y	too close to edge
2159567.139	397813.1596	1	367	g	8/22/2012	maxar			
2171687.139	363793.1596	1	368	g	8/22/2012	maxar			
2124887.139	394723.1596	1	369	g	7/10/2012	maxar			
2182157.139	402253.1596	1	370	g	7/10/2012	maxar			
2151377.139	406513.1596	1	371	u		maxar		y	too close to edge
2178287.139	404983.1596	1	372	g	7/10/2012	maxar			
2159387.139	397603.1596	1	373	u		maxar		y	too close to edge
2159117.139	396643.1596	1	374	g	7/10/2012	maxar			
2124137.139	391123.1596	1	375	g	7/10/2012	maxar			
2180597.139	407833.1596	1	376	g	7/10/2012	maxar			
2020427.139	135613.1596	1	377	g	7/1/2007	maxar		m	temporal disconnect
2167667.139	390853.1596	1	378	g				y	too close to edge
2157797.139	362143.1596	1	379	sh	8/22/2012	maxar			
2165027.139	407173.1596	1	380	g	8/22/2012	maxar			
2151587.139	362443.1596	1	381	g	10/2/2012	maxar			
2158607.139	363553.1596	1	382	g	8/22/2012	maxar	near edge	m	close to edge
2173127.139	389863.1596	1	383	sh	8/6/2012	maxar	near debris		
2164907.139	407713.1596	1	384	g	7/10/2012	maxar			
2084147.139	276583.1596	1	385	u		landsat	insufficient images		
2139797.139	386863.1596	1	386	g	8/22/2012	maxar	near edge	m	temporal disconnect
2174507.139	390553.1596	1	387	g	8/22/2012	maxar			
2031047.139	177043.1596	1	388	g	7/1/2007	maxar	some debris	m	temporal disconnect
2160707.139	362353.1596	1	389	g	8/4/2012	maxar	debris	y	unclear
2164697.139	405973.1596	1	390	sh	7/10/2012	maxar	near debris	m	near edge
2149457.139	359443.1596	1	391	u		maxar	near glacier	m	
2173847.139	389683.1596	1	392	g	9/6/2012	maxar			
2160077.139	396013.1596	1	393	g	7/10/2012	maxar	near morrain	m	near edge
2026907.139	171913.1596	1	394	sh	9/8/2009	maxar	near debris	m	temporal disconnect
2162237.139	364543.1596	1	395	u	8/22/2012	maxar	could be glacier		
2144837.139	401053.1596	1	396	u		maxar	insufficient images		
2163857.139	363103.1596	1	397	g	8/22/2012	maxar			
2153297.139	417553.1596	1	398	u		landsat	insufficient images		
2023607.139	123913.1596	1	399	g	7/1/2007	maxar	some debris	m	temporal disconnect
2151437.139	406153.1596	1	400	g	7/10/2012	maxar	some debris		
2179997.139	405733.1596	1	401	g	7/10/2012	maxar			
2169347.139	408253.1596	1	402	g	7/10/2012	maxar			
2154977.139	364273.1596	1	403	g	8/22/2012	maxar			
2149937.139	421393.1596	1	404	u		maxar	clouds		
2054237.139	238123.1596	1	405	u	8/25/2013	maxar	could be glacier		
2180177.139	407653.1596	1	406	g	7/10/2012	maxar			
2175887.139	389443.1596	1	407	g	8/22/2012	maxar	some debris	m	temporal disconnect
2163107.139	392503.1596	1	408	g	8/22/2012	maxar	some debris		
2158997.139	403843.1596	1	409	u		maxar	near debris	y	too close to edge
2180537.139	403933.1596	1	410	g	7/10/2012	maxar			
2151407.139	361573.1596	1	411	g	8/22/2012	maxar			
2151497.139	406513.1596	1	412	g	7/10/2012	maxar			
2175737.139	387103.1596	1	413	g	8/2/2012	maxar			
2171507.139	363343.1596	1	414	g	8/22/2012	maxar			
2153027.139	419623.1596	1	415	u		landsat	insufficient images		
2152787.139	362113.1596	1	416	u		maxar	could be glacier		
2170667.139	392803.1596	1	417	g	8/22/2012	maxar	some debris		
2168267.139	407773.1596	1	418	g	7/10/2012	maxar	near debris	m	 close to edge
2174837.139	386053.1596	1	419	g	8/22/2012	maxar			
2174687.139	390373.1596	1	420	g	8/22/2012	maxar			
2172047.139	407353.1596	1	421	g	7/10/2012	maxar		m	close to edge
2151017.139	354583.1596	1	422	g	8/4/2012	maxar	some debris		
2178107.139	405253.1596	1	423	g	7/10/2012	maxar			
2159897.139	361723.1596	1	424	u	8/22/2012	maxar		y	too close to edge
2160107.139	364903.1596	1	425	u		maxar		y	too close to edge
2151137.139	405703.1596	1	426	g	7/10/2012	maxar			
2168717.139	407443.1596	1	427	g	7/10/2012	maxar			
2125067.139	357433.1596	1	428	g	6/7/2011	maxar			
2175827.139	407473.1596	1	429	g	6/4/2012	maxar			
2154107.139	416713.1596	1	430	u		landsat	insufficient images		
2151437.139	362743.1596	1	431	u			close to edge	y	too close to edge
2160347.139	421933.1596	1	432	g	12/1/2016	landsat			
2175947.139	386683.1596	1	433	g	8/22/2012	maxar			
2171147.139	389833.1596	1	434	g	8/22/2012	maxar			
2178107.139	404713.1596	1	435	g	7/10/2012	maxar			
2176157.139	387463.1596	1	436	g	8/22/2012	maxar	close to edge	m	too close to edge
2143427.139	366373.1596	1	437	u		maxar		y	too close to edge
2153957.139	363433.1596	1	438	g	8/22/2012	maxar			
2158697.139	392263.1596	1	439	g	8/22/2012	maxar			
2022317.139	160573.1596	1	440	g	7/1/2007	maxar	some debris	m	temporal disconnect
2164847.139	405523.1596	1	441	u			close to edge	y	too close to edge
2172647.139	388933.1596	1	442	sh	8/22/2012	maxar	some debris		
2119577.139	347023.1596	1	443	u		landsat	insufficient images		
2125187.139	395023.1596	1	444	u		maxar	near debris	y	too close to edge
2173847.139	390823.1596	1	445	u		maxar	near debris	y	too close to edge
2019827.139	164023.1596	1	446	g	9/6/2014	maxar			
2152997.139	417973.1596	1	447	u		landsat	insufficient images	y	
2024087.139	139603.1596	1	448	g	7/1/2007	maxar		m	temporal disconnect
2029787.139	141343.1596	1	449	u		maxar	close to edge	y	too close to edge
2161517.139	399973.1596	1	450	g	7/10/2012	maxar			
2145347.139	389623.1596	1	451	g	8/22/2012	maxar			
2152187.139	413383.1596	1	452	u		maxar		y	too close to edge
2162297.139	367183.1596	1	453	g	8/22/2012	maxar	near terminus		
2162117.139	367543.1596	1	454	g	8/22/2012	maxar	near terminus		
2183327.139	407293.1596	1	455	g	7/10/2012	maxar	near edge	m	close to edge
2163047.139	364813.1596	1	456	g	8/22/2012	maxar			
2159147.139	400963.1596	1	457	u				y	too close to edge
2153387.139	359413.1596	1	458	g	8/22/2012	maxar	some debris		
2157647.139	363283.1596	1	459	u		maxar		y	too close to edge
1938407.139	-9616.8404	1	460	u		landsat	insufficient images		
2159147.139	393313.1596	1	461	g	8/22/2012	maxar			
2152457.139	359533.1596	1	462	g	8/22/2012	maxar			
2165597.139	364153.1596	1	463	u		maxar		y	too close to edge
2171357.139	391333.1596	1	464	g	8/22/2012	maxar			
2151377.139	418993.1596	1	465	u		landsat	insufficient images		
2158877.139	399733.1596	1	466	g	7/10/2012	maxar			
2178197.139	386773.1596	1	467	u		maxar	near edge	y	too close to edge
2151257.139	362533.1596	1	468	g	8/22/2012	maxar			
2045087.139	231913.1596	1	469	n	8/22/2012	maxar	likely seasonal snow		
2180027.139	404293.1596	1	470	g	7/10/2012	maxar			
2179937.139	409063.1596	1	471	g	7/10/2012	maxar	some debris	m	close to edge
2140097.139	341773.1596	1	472	u		maxar	some debris	y	too close to edge
2160587.139	421813.1596	1	473	g	12/1/2016	landsat			
2159897.139	393283.1596	1	474	g	8/22/2012	maxar			
2143727.139	366523.1596	1	475	u		maxar		y	too close to edge
2156447.139	410893.1596	1	476	u	7/10/2012	maxar		y	too close to edge
2171327.139	363703.1596	1	477	g	8/22/2012	maxar	some debris		
2059037.139	229513.1596	1	478	n	8/22/2012	maxar	likely seasonal snow		
1937177.139	-8416.8404	1	479	u		landsat	insufficient images		
2145407.139	401653.1596	1	480	u		maxar	insufficient images		
2162027.139	364033.1596	1	481	g	8/22/2012	maxar			
2151347.139	362533.1596	1	482	u		maxar		y	too close to other pt
2166587.139	393073.1596	1	483	g	8/22/2012	maxar			
2158787.139	395503.1596	1	484	g	8/22/2012	maxar			
2156927.139	361153.1596	1	485	g	8/22/2012	maxar	near morrain	m	close to edge
2161637.139	396343.1596	1	486	g	7/10/2012	maxar			
2171177.139	363433.1596	1	487	g	8/22/2012	maxar			
2167727.139	393583.1596	1	488	u		maxar	insufficient images		
2149397.139	361273.1596	1	489	g	8/22/2012	maxar	some debris	m	near edge
2169707.139	390253.1596	1	490	u		maxar	glacier	y	too close to edge
2164187.139	346573.1596	1	491	u		maxar	insufficient images		
2176397.139	410263.1596	1	492	u		maxar	near edge	y	too close to edge
2164367.139	401743.1596	1	493	u		maxar	could be glacier	y	too close to edge
1936217.139	-8176.8404	1	494	u		landsat	low res		
2161457.139	398143.1596	1	495	g	7/10/2012	maxar			
2168477.139	392593.1596	1	496	g	7/10/2012	maxar			
2175857.139	388453.1596	1	497	g	8/22/2012	maxar			
2159627.139	398263.1596	1	498	g	7/10/2012	maxar		m	close to edge
2158547.139	421783.1596	1	499	u		landsat	insufficient images		
2159387.139	404533.1596	1	500	g	7/10/2012	maxar			
2182337.139	406423.1596	1	501	g	7/12/2012	maxar	near edge	m	close to edge
2164487.139	346663.1596	1	502	u			clouds		
2150927.139	414283.1596	1	503	u			insufficient images		
2148047.139	355783.1596	1	504	u			insufficient images		
2164187.139	405793.1596	1	505	u			near edge	y 	too close to edge
2153867.139	402793.1596	1	506	g	7/10/2012	maxar			
2047667.139	185533.1596	1	507	g	9/21/2014	maxar			
1937087.139	-7846.8404	1	508	u			insufficient images		
2168147.139	390823.1596	1	509	g	8/22/2012	maxar			
2152037.139	362683.1596	1	510	g	8/22/2012	maxar	some debris	m	near edge
2171957.139	404203.1596	1	511	n	7/10/2012	maxar	near glacier	m	near edge
2171867.139	404713.1596	1	512	g	7/10/2012	maxar	some debris	m	near edge
2158037.139	401143.1596	1	513	g	7/10/2012	maxar			
2158037.139	403003.1596	1	514	g	7/10/2012	maxar			
2171507.139	363463.1596	1	515	u				y	too close to another pt
1941977.139	-41236.8404	1	516	g	5/14/2011	maxar			
2177837.139	388183.1596	1	517	g	8/22/2012	maxar			
2143967.139	401203.1596	1	518	g	7/10/2012	maxar		m	temporal disconnect
2169557.139	408373.1596	1	519	g	7/10/2012	maxar			
2161337.139	393703.1596	1	520	u				y	too close to edge
2174717.139	386173.1596	1	521	u				y	too close to another pt
2181737.139	401323.1596	1	522	u				y 	too close to another pt 
2168057.139	390913.1596	1	523	u				y	too close to another pt
2175587.139	409903.1596	1	524	g	7/10/2012	maxar			
2165297.139	365863.1596	1	525	u			close to terminus	y	too close to edge
2166887.139	393373.1596	1	526	g	8/22/2012	maxar		m	close to edge
2145677.139	364723.1596	1	527	g	8/22/2012	maxar			
2158877.139	395353.1596	1	528	g	8/22/2012	maxar		m	close to another pt
2166617.139	408073.1596	1	529	g	8/22/2012	maxar		m	near edge
2155547.139	412423.1596	1	530	u				y	too close to edge
2151797.139	362743.1596	1	531	g	8/22/2012	maxar			
2176607.139	391933.1596	1	532	g	8/22/2012	maxar			
2171657.139	361243.1596	1	533	g	8/22/2012	maxar			
2162897.139	390613.1596	1	534	n	7/23/2006	maxar	near glacier		
2167067.139	406963.1596	1	535	g	7/10/2012	maxar			
2159567.139	397243.1596	1	536	u			near nunatak 	y	 too close to edge
2145407.139	401623.1596	1	537	u				y 	too close to another pt
2151347.139	407683.1596	1	538	g	7/10/2012	maxar	could also be debris covered		
2153027.139	360283.1596	1	539	g	10/2/2012	maxar			
2156057.139	402133.1596	1	540	u			near nunatak 	y	too close to edge
2170667.139	362803.1596	1	541	g	8/22/2012	maxar			
2160347.139	421423.1596	1	542	g	12/1/2016	landsat			
2159207.139	394273.1596	1	543	g	8/22/2012	maxar			
2166017.139	426283.1596	1	544	u		landsat			
2171477.139	390883.1596	1	545	g	8/22/2012	maxar	could also be shaded		
2149727.139	420073.1596	1	546	g	6/27/2013	maxar	near nunatak 		
2156477.139	363973.1596	1	547	g	8/22/2012	maxar	some debris		
2164157.139	398923.1596	1	548	u				y	too close to another pt
2149787.139	421153.1596	1	549	u		maxar	clouds		
2155607.139	402343.1596	1	550	g	7/10/2012	maxar			
2168837.139	392593.1596	1	551	g	7/10/2012	maxar			
2168867.139	390883.1596	1	552	g	7/10/2012	maxar			
2181707.139	406273.1596	1	553	g	7/10/2012	maxar			
2155457.139	421633.1596	1	554	u			low res		
2047307.139	229663.1596	1	555	g	8/25/2013	maxar			
2159867.139	403873.1596	1	556	g	7/10/2012	maxar			
2168837.139	390403.1596	1	557	g	8/22/2012	maxar			
2180657.139	388513.1596	1	558	u		maxar		y	too close to edge
2153327.139	404143.1596	1	559	u		maxar		y	too close to edge
2028707.139	8953.1596	1	560	u		maxar	clouds		
2174147.139	388093.1596	1	561	g	9/6/2012	maxar			
2170607.139	391123.1596	1	562	g	9/6/2012	maxar			
2028347.139	72703.1596	1	563	u		maxar		y	too close to edge
2174477.139	386323.1596	1	564	u		maxar		y	too close to edge
2046677.139	233653.1596	1	565	g	8/25/2013	maxar			
2158337.139	361933.1596	1	566	g	8/22/2012	maxar			
2159057.139	396733.1596	1	567	u				y	too close to another pt
2175617.139	390763.1596	1	568	g	8/22/2012	maxar			
2162447.139	394513.1596	1	569	sh	7/10/2012	maxar			
2158667.139	400693.1596	1	570	g	7/10/2012	maxar			
2150177.139	414763.1596	1	571	u		maxar	insufficient images		
2032307.139	212203.1596	1	572	u		maxar	could be glacier		
2153537.139	362953.1596	1	573	g	8/22/2012	maxar			
2179607.139	407353.1596	1	574	g	8/22/2012	maxar	near debris	m	near edge
2158787.139	397783.1596	1	575	u	9/6/2012	maxar	likely seasonal snow		
2159297.139	413203.1596	1	576	u	12/1/2016	landsat	insufficient images		
2156687.139	414223.1596	1	577	u		landsat	low res		
2170637.139	408853.1596	1	578	g	7/10/2012	maxar	some debris		
2158457.139	363643.1596	1	579	g	8/22/2012	maxar		m	close to another pt
2135057.139	386143.1596	1	580	u		maxar	could be glacier		
2174057.139	391933.1596	1	581	u		maxar		y	too close to edge
2144747.139	369223.1596	1	582	d	8/22/2012	maxar	could also be glacier		
2155547.139	413203.1596	1	583	u		maxar	insufficient images		
2124497.139	392413.1596	1	584	u		maxar	could also be shaded	y	too close to edge
2166167.139	354853.1596	1	585	u		maxar		y	too close to edge
2172647.139	390583.1596	1	586	g	8/22/2012	maxar			
2158007.139	401773.1596	1	587	g	8/22/2012	maxar			
2159807.139	396343.1596	1	588	u		maxar		y	too close to another pt
2170667.139	388273.1596	1	589	sh	8/22/2012	maxar	could also be debris covered		
2158817.139	397273.1596	1	590	g	8/22/2012	maxar			
2162417.139	399643.1596	1	591	u		maxar	glacier	y	too close to edge
2158607.139	402853.1596	1	592	g	7/10/2012	maxar			
2161757.139	391783.1596	1	593	sh	8/22/2012	maxar			
2150597.139	364303.1596	1	594	g	8/22/2012	maxar			
2161457.139	398233.1596	1	595	u		maxar		y	too close to another pt
2176277.139	409123.1596	1	596	u		maxar		y	too close to edge
2176427.139	406123.1596	1	597	u		maxar	could be glacier		
2170307.139	391393.1596	1	598	g	8/22/2012	maxar			
2168537.139	392203.1596	1	599	u		maxar		y	too close to edge
2123987.139	396913.1596	1	600	u	5/19/2013	maxar	snow issues		
2181167.139	401413.1596	1	601	g	7/10/2012	maxar			
2152817.139	360493.1596	1	602	g	8/22/2012	maxar			
2178437.139	386683.1596	1	603	u		landsat	low res		
2175527.139	385783.1596	1	604	g	8/22/2012	maxar			
2171897.139	363373.1596	1	605	g	8/22/2012	maxar	some debris	m	near edge
2160587.139	395233.1596	1	606	g	8/22/2012	maxar			
2169047.139	393913.1596	1	607	u		maxar	near debris	y	too close to edge
2181317.139	400813.1596	1	608	n	7/10/2012	maxar			
2166467.139	348853.1596	1	609	n	8/4/2012	maxar			
2154797.139	363103.1596	1	610	g	8/22/2012	maxar			
2160767.139	400003.1596	1	611	g	8/22/2012	maxar	near nunatak 	m	near edge
2163647.139	354133.1596	1	612	u		maxar	clouds		
2164007.139	364663.1596	1	613	u		maxar		y	too close to edge
2180537.139	403813.1596	1	614	u		maxar		y	
2160347.139	404083.1596	1	615	g	8/22/2012	maxar	near nunatak 	m	near edge
2082317.139	291133.1596	1	616	u		landsat	low res		
2150807.139	356023.1596	1	617	n	8/22/2012				
2154377.139	420643.1596	1	618	u		landsat	low res		
2053127.139	235783.1596	1	619	g	8/25/2013	maxar	could also be shaded		
2158997.139	412873.1596	1	620	u		landsat	low res		
2163947.139	398173.1596	1	621	u		maxar	shaded	y	too close to edge
2158877.139	392113.1596	1	622	g	8/22/2012	maxar			
2177387.139	407923.1596	1	623	u		maxar	near debris	y	too close to edge
2020217.139	166363.1596	1	624	u		maxar	likely not glacier		
2159447.139	363043.1596	1	625	g	8/4/2012	maxar			
2153567.139	408073.1596	1	626	u		maxar	could be debris covered		
2163947.139	407593.1596	1	627	g	7/10/2012	maxar			
2165867.139	354853.1596	1	628	u		maxar		y	too close to edge
2152337.139	361903.1596	1	629	g	8/22/2012	maxar			
2169767.139	408343.1596	1	630	g	7/10/2012	maxar			
2148617.139	356293.1596	1	631	u		maxar	insufficient images		
2165267.139	408013.1596	1	632	g	7/10/2012	maxar			
1958177.139	-65026.8404	1	633	u		maxar	could be glacier		
2176817.139	404293.1596	1	634	u		maxar	could be glacier		
2175887.139	407383.1596	1	635	u		maxar		y	too close to another pt
2177987.139	388873.1596	1	636	g	8/22/2012	maxar			
2162267.139	396583.1596	1	637	g	7/10/2012	maxar			
2181947.139	401593.1596	1	638	g	7/10/2012	maxar			
2125487.139	396763.1596	1	639	u		maxar	could be glacier		
2158787.139	411013.1596	1	640	u		maxar		y	too close to edge
2167307.139	347863.1596	1	641	u		maxar	clouds		
2168267.139	392413.1596	1	642	g	8/22/2012	maxar			
2143967.139	401323.1596	1	643	u		maxar		y	too close to another pt
2160587.139	400213.1596	1	644	u		maxar		y	too close to edge
2149787.139	402073.1596	1	645	g	7/10/2012	maxar	could also be debris covered		
1942007.139	-41896.8404	1	646	g	5/14/2011	maxar	some snow cover	m	near edge
2181107.139	401503.1596	1	647	u		maxar		y	too close to another pt
2182037.139	403963.1596	1	648	g	7/10/2012	maxar		m	near edge
2151497.139	364633.1596	1	649	g	8/22/2012	maxar			
2160947.139	365563.1596	1	650	g	8/22/2012	maxar			
