,stat,precision,recall,f1-score,support,model_accuracy,model
0,0.0,1.0,0.5784313725490197,0.732919254658385,204.0,0.6036866359447005,sp_055_thresh_merge_50
1,1.0,0.13131313131313133,1.0,0.23214285714285718,13.0,0.6036866359447005,sp_055_thresh_merge_50
2,accuracy,0.6036866359447005,0.6036866359447005,0.6036866359447005,0.6036866359447005,0.6036866359447005,sp_055_thresh_merge_50
3,macro avg,0.5656565656565656,0.7892156862745099,0.4825310559006211,217.0,0.6036866359447005,sp_055_thresh_merge_50
4,weighted avg,0.9479588511846576,0.6036866359447005,0.7029188253141367,217.0,0.6036866359447005,sp_055_thresh_merge_50
0,0.0,1.0,0.6323529411764706,0.7747747747747747,204.0,0.6543778801843319,sp_055_thresh_merge_55
1,1.0,0.14772727272727273,1.0,0.25742574257425743,13.0,0.6543778801843319,sp_055_thresh_merge_55
2,accuracy,0.6543778801843319,0.6543778801843319,0.6543778801843319,0.6543778801843319,0.6543778801843319,sp_055_thresh_merge_55
3,macro avg,0.5738636363636364,0.8161764705882353,0.516100258674516,217.0,0.6543778801843319,sp_055_thresh_merge_55
4,weighted avg,0.9489421868454125,0.6543778801843319,0.7437815147811953,217.0,0.6543778801843319,sp_055_thresh_merge_55
0,0.0,1.0,0.7156862745098039,0.8342857142857142,204.0,0.7327188940092166,sp_055_thresh_merge_60
1,1.0,0.18309859154929578,1.0,0.30952380952380953,13.0,0.7327188940092166,sp_055_thresh_merge_60
2,accuracy,0.7327188940092166,0.7327188940092166,0.7327188940092166,0.7327188940092166,0.7327188940092166,sp_055_thresh_merge_60
3,macro avg,0.5915492957746479,0.857843137254902,0.5719047619047619,217.0,0.7327188940092166,sp_055_thresh_merge_60
4,weighted avg,0.9510612059453495,0.7327188940092166,0.8028483651525125,217.0,0.7327188940092166,sp_055_thresh_merge_60
0,0.0,1.0,0.7843137254901961,0.8791208791208792,204.0,0.7972350230414746,sp_055_thresh_merge_65
1,1.0,0.22807017543859648,1.0,0.3714285714285714,13.0,0.7972350230414746,sp_055_thresh_merge_65
2,accuracy,0.7972350230414746,0.7972350230414746,0.7972350230414746,0.7972350230414746,0.7972350230414746,sp_055_thresh_merge_65
3,macro avg,0.6140350877192983,0.892156862745098,0.6252747252747253,217.0,0.7972350230414746,sp_055_thresh_merge_65
4,weighted avg,0.9537553561322661,0.7972350230414746,0.8487061325771004,217.0,0.7972350230414746,sp_055_thresh_merge_65
0,0.0,1.0,0.8382352941176471,0.9119999999999999,204.0,0.847926267281106,sp_055_thresh_merge_70
1,1.0,0.2826086956521739,1.0,0.4406779661016949,13.0,0.847926267281106,sp_055_thresh_merge_70
2,accuracy,0.847926267281106,0.847926267281106,0.847926267281106,0.847926267281106,0.847926267281106,sp_055_thresh_merge_70
3,macro avg,0.6413043478260869,0.9191176470588236,0.6763389830508474,217.0,0.847926267281106,sp_055_thresh_merge_70
4,weighted avg,0.957022640753356,0.847926267281106,0.8837641177848939,217.0,0.847926267281106,sp_055_thresh_merge_70
0,0.0,1.0,0.9117647058823529,0.9538461538461539,204.0,0.9170506912442397,sp_055_thresh_merge_75
1,1.0,0.41935483870967744,1.0,0.5909090909090909,13.0,0.9170506912442397,sp_055_thresh_merge_75
2,accuracy,0.9170506912442397,0.9170506912442397,0.9170506912442397,0.9170506912442397,0.9170506912442397,sp_055_thresh_merge_75
3,macro avg,0.7096774193548387,0.9558823529411764,0.7723776223776224,217.0,0.9170506912442397,sp_055_thresh_merge_75
4,weighted avg,0.9652148060056488,0.9170506912442397,0.9321033804904774,217.0,0.9170506912442397,sp_055_thresh_merge_75
0,0.0,0.9948186528497409,0.9411764705882353,0.9672544080604534,204.0,0.9400921658986175,sp_055_thresh_merge_80
1,1.0,0.5,0.9230769230769231,0.6486486486486487,13.0,0.9400921658986175,sp_055_thresh_merge_80
2,accuracy,0.9400921658986175,0.9400921658986175,0.9400921658986175,0.9400921658986175,0.9400921658986175,sp_055_thresh_merge_80
3,macro avg,0.7474093264248705,0.9321266968325792,0.8079515283545511,217.0,0.9400921658986175,sp_055_thresh_merge_80
4,weighted avg,0.965175139084549,0.9400921658986175,0.9481674270818659,217.0,0.9400921658986175,sp_055_thresh_merge_80
0,0.0,0.9848484848484849,0.9558823529411765,0.9701492537313432,204.0,0.9447004608294931,sp_055_thresh_merge_85
1,1.0,0.5263157894736842,0.7692307692307693,0.625,13.0,0.9447004608294931,sp_055_thresh_merge_85
2,accuracy,0.9447004608294931,0.9447004608294931,0.9447004608294931,0.9447004608294931,0.9447004608294931,sp_055_thresh_merge_85
3,macro avg,0.7555821371610845,0.8625565610859729,0.7975746268656716,217.0,0.9447004608294931,sp_055_thresh_merge_85
4,weighted avg,0.9573787842039115,0.9447004608294931,0.9494721094985898,217.0,0.9447004608294931,sp_055_thresh_merge_85
0,0.0,0.9569377990430622,0.9803921568627451,0.9685230024213075,204.0,0.9400921658986175,sp_055_thresh_merge_90
1,1.0,0.5,0.3076923076923077,0.380952380952381,13.0,0.9400921658986175,sp_055_thresh_merge_90
2,accuracy,0.9400921658986175,0.9400921658986175,0.9400921658986175,0.9400921658986175,0.9400921658986175,sp_055_thresh_merge_90
3,macro avg,0.7284688995215312,0.6440422322775263,0.6747376916868443,217.0,0.9400921658986175,sp_055_thresh_merge_90
4,weighted avg,0.9295636451833396,0.9400921658986175,0.9333229191075009,217.0,0.9400921658986175,sp_055_thresh_merge_90
0,0.0,0.9478672985781991,0.9803921568627451,0.9638554216867469,204.0,0.9308755760368663,sp_055_thresh_merge_95
1,1.0,0.3333333333333333,0.15384615384615385,0.21052631578947367,13.0,0.9308755760368663,sp_055_thresh_merge_95
2,accuracy,0.9308755760368663,0.9308755760368663,0.9308755760368663,0.9308755760368663,0.9308755760368663,sp_055_thresh_merge_95
3,macro avg,0.6406003159557662,0.5671191553544495,0.5871908687381102,217.0,0.9308755760368663,sp_055_thresh_merge_95
4,weighted avg,0.9110518997386449,0.9308755760368663,0.9187251065869102,217.0,0.9308755760368663,sp_055_thresh_merge_95
0,0.0,0.9939024390243902,0.7990196078431373,0.8858695652173914,204.0,0.8064516129032258,sp_05_thresh_merge_50
1,1.0,0.22641509433962265,0.9230769230769231,0.36363636363636365,13.0,0.8064516129032258,sp_05_thresh_merge_50
2,accuracy,0.8064516129032258,0.8064516129032258,0.8064516129032258,0.8064516129032258,0.8064516129032258,sp_05_thresh_merge_50
3,macro avg,0.6101587666820064,0.8610482654600302,0.6247529644268774,217.0,0.8064516129032258,sp_05_thresh_merge_50
4,weighted avg,0.9479239345041046,0.8064516129032258,0.8545837052148413,217.0,0.8064516129032258,sp_05_thresh_merge_50
0,0.0,0.9942528735632183,0.8480392156862745,0.9153439153439153,204.0,0.8525345622119815,sp_05_thresh_merge_55
1,1.0,0.27906976744186046,0.9230769230769231,0.42857142857142855,13.0,0.8525345622119815,sp_05_thresh_merge_55
2,accuracy,0.8525345622119815,0.8525345622119815,0.8525345622119815,0.8525345622119815,0.8525345622119815,sp_05_thresh_merge_55
3,macro avg,0.6366613205025394,0.8855580693815988,0.671957671957672,217.0,0.8525345622119815,sp_05_thresh_merge_55
4,weighted avg,0.9514078026895886,0.8525345622119815,0.8861824299612319,217.0,0.8525345622119815,sp_05_thresh_merge_55
0,0.0,0.9893048128342246,0.9068627450980392,0.9462915601023019,204.0,0.9032258064516129,sp_05_thresh_merge_60
1,1.0,0.36666666666666664,0.8461538461538461,0.5116279069767441,13.0,0.9032258064516129,sp_05_thresh_merge_60
2,accuracy,0.9032258064516129,0.9032258064516129,0.9032258064516129,0.9032258064516129,0.9032258064516129,sp_05_thresh_merge_60
3,macro avg,0.6779857397504456,0.8765082956259427,0.728959733539523,217.0,0.9032258064516129,sp_05_thresh_merge_60
4,weighted avg,0.9520039100684262,0.9032258064516129,0.9202518020809551,217.0,0.9032258064516129,sp_05_thresh_merge_60
0,0.0,0.9794871794871794,0.9362745098039216,0.9573934837092732,204.0,0.9216589861751152,sp_05_thresh_merge_65
1,1.0,0.4090909090909091,0.6923076923076923,0.5142857142857142,13.0,0.9216589861751152,sp_05_thresh_merge_65
2,accuracy,0.9216589861751152,0.9216589861751152,0.9216589861751152,0.9216589861751152,0.9216589861751152,sp_05_thresh_merge_65
3,macro avg,0.6942890442890443,0.8142911010558069,0.7358395989974937,217.0,0.9216589861751152,sp_05_thresh_merge_65
4,weighted avg,0.9453159743482323,0.9216589861751152,0.930847856969613,217.0,0.9216589861751152,sp_05_thresh_merge_65
0,0.0,0.9752475247524752,0.9656862745098039,0.9704433497536946,204.0,0.9447004608294931,sp_05_thresh_merge_70
1,1.0,0.5333333333333333,0.6153846153846154,0.5714285714285715,13.0,0.9447004608294931,sp_05_thresh_merge_70
2,accuracy,0.9447004608294931,0.9447004608294931,0.9447004608294931,0.9447004608294931,0.9447004608294931,sp_05_thresh_merge_70
3,macro avg,0.7542904290429042,0.7905354449472097,0.770935960591133,217.0,0.9447004608294931,sp_05_thresh_merge_70
4,weighted avg,0.9487734026858907,0.9447004608294931,0.9465392386097932,217.0,0.9447004608294931,sp_05_thresh_merge_70
0,0.0,0.9663461538461539,0.9852941176470589,0.9757281553398058,204.0,0.9539170506912442,sp_05_thresh_merge_75
1,1.0,0.6666666666666666,0.46153846153846156,0.5454545454545455,13.0,0.9539170506912442,sp_05_thresh_merge_75
2,accuracy,0.9539170506912442,0.9539170506912442,0.9539170506912442,0.9539170506912442,0.9539170506912442,sp_05_thresh_merge_75
3,macro avg,0.8165064102564102,0.7234162895927603,0.7605913503971757,217.0,0.9539170506912442,sp_05_thresh_merge_75
4,weighted avg,0.9483930048446177,0.9539170506912442,0.9499513953005967,217.0,0.9539170506912442,sp_05_thresh_merge_75
0,0.0,0.9481132075471698,0.9852941176470589,0.9663461538461537,204.0,0.9354838709677419,sp_05_thresh_merge_80
1,1.0,0.4,0.15384615384615385,0.2222222222222222,13.0,0.9354838709677419,sp_05_thresh_merge_80
2,accuracy,0.9354838709677419,0.9354838709677419,0.9354838709677419,0.9354838709677419,0.9354838709677419,sp_05_thresh_merge_80
3,macro avg,0.6740566037735849,0.5695701357466063,0.594284188034188,217.0,0.9354838709677419,sp_05_thresh_merge_80
4,weighted avg,0.9152769324406573,0.9354838709677419,0.9217673007995587,217.0,0.9354838709677419,sp_05_thresh_merge_80
0,0.0,0.9395348837209302,0.9901960784313726,0.9642004773269689,204.0,0.9308755760368663,sp_05_thresh_merge_85
1,1.0,0.0,0.0,0.0,13.0,0.9308755760368663,sp_05_thresh_merge_85
2,accuracy,0.9308755760368663,0.9308755760368663,0.9308755760368663,0.9308755760368663,0.9308755760368663,sp_05_thresh_merge_85
3,macro avg,0.4697674418604651,0.4950980392156863,0.48210023866348445,217.0,0.9308755760368663,sp_05_thresh_merge_85
4,weighted avg,0.883249383774515,0.9308755760368663,0.9064373150907911,217.0,0.9308755760368663,sp_05_thresh_merge_85
0,0.0,0.9398148148148148,0.9950980392156863,0.9666666666666666,204.0,0.9354838709677419,sp_05_thresh_merge_90
1,1.0,0.0,0.0,0.0,13.0,0.9354838709677419,sp_05_thresh_merge_90
2,accuracy,0.9354838709677419,0.9354838709677419,0.9354838709677419,0.9354838709677419,0.9354838709677419,sp_05_thresh_merge_90
3,macro avg,0.4699074074074074,0.49754901960784315,0.4833333333333333,217.0,0.9354838709677419,sp_05_thresh_merge_90
4,weighted avg,0.8835125448028672,0.9354838709677419,0.9087557603686636,217.0,0.9354838709677419,sp_05_thresh_merge_90
0,0.0,0.9398148148148148,0.9950980392156863,0.9666666666666666,204.0,0.9354838709677419,sp_05_thresh_merge_95
1,1.0,0.0,0.0,0.0,13.0,0.9354838709677419,sp_05_thresh_merge_95
2,accuracy,0.9354838709677419,0.9354838709677419,0.9354838709677419,0.9354838709677419,0.9354838709677419,sp_05_thresh_merge_95
3,macro avg,0.4699074074074074,0.49754901960784315,0.4833333333333333,217.0,0.9354838709677419,sp_05_thresh_merge_95
4,weighted avg,0.8835125448028672,0.9354838709677419,0.9087557603686636,217.0,0.9354838709677419,sp_05_thresh_merge_95
0,0.0,1.0,0.6078431372549019,0.7560975609756097,204.0,0.631336405529954,sp_06_thresh_merge_50
1,1.0,0.13978494623655913,1.0,0.24528301886792453,13.0,0.631336405529954,sp_06_thresh_merge_50
2,accuracy,0.631336405529954,0.631336405529954,0.631336405529954,0.631336405529954,0.631336405529954,sp_06_thresh_merge_50
3,macro avg,0.5698924731182795,0.803921568627451,0.5006902899217671,217.0,0.631336405529954,sp_06_thresh_merge_50
4,weighted avg,0.948466379267628,0.631336405529954,0.7254957681304488,217.0,0.631336405529954,sp_06_thresh_merge_50
0,0.0,1.0,0.6519607843137255,0.7893175074183977,204.0,0.6728110599078341,sp_06_thresh_merge_55
1,1.0,0.15476190476190477,1.0,0.2680412371134021,13.0,0.6728110599078341,sp_06_thresh_merge_55
2,accuracy,0.6728110599078341,0.6728110599078341,0.6728110599078341,0.6728110599078341,0.6728110599078341,sp_06_thresh_merge_55
3,macro avg,0.5773809523809523,0.8259803921568627,0.5286793722658999,217.0,0.6728110599078341,sp_06_thresh_merge_55
4,weighted avg,0.9493636164143077,0.6728110599078341,0.7580889750959786,217.0,0.6728110599078341,sp_06_thresh_merge_55
0,0.0,1.0,0.7401960784313726,0.8507042253521127,204.0,0.7557603686635944,sp_06_thresh_merge_60
1,1.0,0.19696969696969696,1.0,0.3291139240506329,13.0,0.7557603686635944,sp_06_thresh_merge_60
2,accuracy,0.7557603686635944,0.7557603686635944,0.7557603686635944,0.7557603686635944,0.7557603686635944,sp_06_thresh_merge_60
3,macro avg,0.5984848484848485,0.8700980392156863,0.5899090747013728,217.0,0.7557603686635944,sp_06_thresh_merge_60
4,weighted avg,0.9518921938276778,0.7557603686635944,0.8194568801128534,217.0,0.7557603686635944,sp_06_thresh_merge_60
0,0.0,1.0,0.8088235294117647,0.8943089430894309,204.0,0.8202764976958525,sp_06_thresh_merge_65
1,1.0,0.25,1.0,0.4,13.0,0.8202764976958525,sp_06_thresh_merge_65
2,accuracy,0.8202764976958525,0.8202764976958525,0.8202764976958525,0.8202764976958525,0.8202764976958525,sp_06_thresh_merge_65
3,macro avg,0.625,0.9044117647058824,0.6471544715447155,217.0,0.8202764976958525,sp_06_thresh_merge_65
4,weighted avg,0.9550691244239631,0.8202764976958525,0.8646959649319995,217.0,0.8202764976958525,sp_06_thresh_merge_65
0,0.0,1.0,0.8529411764705882,0.9206349206349206,204.0,0.8617511520737328,sp_06_thresh_merge_70
1,1.0,0.3023255813953488,1.0,0.46428571428571425,13.0,0.8617511520737328,sp_06_thresh_merge_70
2,accuracy,0.8617511520737328,0.8617511520737328,0.8617511520737328,0.8617511520737328,0.8617511520737328,sp_06_thresh_merge_70
3,macro avg,0.6511627906976745,0.9264705882352942,0.6924603174603174,217.0,0.8617511520737328,sp_06_thresh_merge_70
4,weighted avg,0.958203836673454,0.8617511520737328,0.8932960280886547,217.0,0.8617511520737328,sp_06_thresh_merge_70
0,0.0,1.0,0.9117647058823529,0.9538461538461539,204.0,0.9170506912442397,sp_06_thresh_merge_75
1,1.0,0.41935483870967744,1.0,0.5909090909090909,13.0,0.9170506912442397,sp_06_thresh_merge_75
2,accuracy,0.9170506912442397,0.9170506912442397,0.9170506912442397,0.9170506912442397,0.9170506912442397,sp_06_thresh_merge_75
3,macro avg,0.7096774193548387,0.9558823529411764,0.7723776223776224,217.0,0.9170506912442397,sp_06_thresh_merge_75
4,weighted avg,0.9652148060056488,0.9170506912442397,0.9321033804904774,217.0,0.9170506912442397,sp_06_thresh_merge_75
0,0.0,0.9948717948717949,0.9509803921568627,0.9724310776942355,204.0,0.9493087557603687,sp_06_thresh_merge_80
1,1.0,0.5454545454545454,0.9230769230769231,0.6857142857142856,13.0,0.9493087557603687,sp_06_thresh_merge_80
2,accuracy,0.9493087557603687,0.9493087557603687,0.9493087557603687,0.9493087557603687,0.9493087557603687,sp_06_thresh_merge_80
3,macro avg,0.7701631701631702,0.9370286576168929,0.8290726817042606,217.0,0.9493087557603687,sp_06_thresh_merge_80
4,weighted avg,0.9679481808514067,0.9493087557603687,0.9552544956862201,217.0,0.9493087557603687,sp_06_thresh_merge_80
0,0.0,0.9753694581280788,0.9705882352941176,0.972972972972973,204.0,0.9493087557603687,sp_06_thresh_merge_85
1,1.0,0.5714285714285714,0.6153846153846154,0.5925925925925927,13.0,0.9493087557603687,sp_06_thresh_merge_85
2,accuracy,0.9493087557603687,0.9493087557603687,0.9493087557603687,0.9493087557603687,0.9493087557603687,sp_06_thresh_merge_85
3,macro avg,0.7733990147783252,0.7929864253393666,0.7827827827827829,217.0,0.9493087557603687,sp_06_thresh_merge_85
4,weighted avg,0.9511702345009193,0.9493087557603687,0.9501852082497243,217.0,0.9493087557603687,sp_06_thresh_merge_85
0,0.0,0.9523809523809523,0.9803921568627451,0.966183574879227,204.0,0.9354838709677419,sp_06_thresh_merge_90
1,1.0,0.42857142857142855,0.23076923076923078,0.3,13.0,0.9354838709677419,sp_06_thresh_merge_90
2,accuracy,0.9354838709677419,0.9354838709677419,0.9354838709677419,0.9354838709677419,0.9354838709677419,sp_06_thresh_merge_90
3,macro avg,0.6904761904761905,0.6055806938159879,0.6330917874396135,217.0,0.9354838709677419,sp_06_thresh_merge_90
4,weighted avg,0.9210006583278473,0.9354838709677419,0.9262739597942964,217.0,0.9354838709677419,sp_06_thresh_merge_90
0,0.0,0.9433962264150944,0.9803921568627451,0.9615384615384616,204.0,0.9262672811059908,sp_06_thresh_merge_95
1,1.0,0.2,0.07692307692307693,0.1111111111111111,13.0,0.9262672811059908,sp_06_thresh_merge_95
2,accuracy,0.9262672811059908,0.9262672811059908,0.9262672811059908,0.9262672811059908,0.9262672811059908,sp_06_thresh_merge_95
3,macro avg,0.5716981132075472,0.528657616892911,0.5363247863247863,217.0,0.9262672811059908,sp_06_thresh_merge_95
4,weighted avg,0.8988609686114252,0.9262672811059908,0.9105912009137817,217.0,0.9262672811059908,sp_06_thresh_merge_95
0,0.0,0.9939024390243902,0.7990196078431373,0.8858695652173914,204.0,0.8064516129032258,sp_075_thresh_merge_50
1,1.0,0.22641509433962265,0.9230769230769231,0.36363636363636365,13.0,0.8064516129032258,sp_075_thresh_merge_50
2,accuracy,0.8064516129032258,0.8064516129032258,0.8064516129032258,0.8064516129032258,0.8064516129032258,sp_075_thresh_merge_50
3,macro avg,0.6101587666820064,0.8610482654600302,0.6247529644268774,217.0,0.8064516129032258,sp_075_thresh_merge_50
4,weighted avg,0.9479239345041046,0.8064516129032258,0.8545837052148413,217.0,0.8064516129032258,sp_075_thresh_merge_50
0,0.0,0.9942528735632183,0.8480392156862745,0.9153439153439153,204.0,0.8525345622119815,sp_075_thresh_merge_55
1,1.0,0.27906976744186046,0.9230769230769231,0.42857142857142855,13.0,0.8525345622119815,sp_075_thresh_merge_55
2,accuracy,0.8525345622119815,0.8525345622119815,0.8525345622119815,0.8525345622119815,0.8525345622119815,sp_075_thresh_merge_55
3,macro avg,0.6366613205025394,0.8855580693815988,0.671957671957672,217.0,0.8525345622119815,sp_075_thresh_merge_55
4,weighted avg,0.9514078026895886,0.8525345622119815,0.8861824299612319,217.0,0.8525345622119815,sp_075_thresh_merge_55
0,0.0,0.9893048128342246,0.9068627450980392,0.9462915601023019,204.0,0.9032258064516129,sp_075_thresh_merge_60
1,1.0,0.36666666666666664,0.8461538461538461,0.5116279069767441,13.0,0.9032258064516129,sp_075_thresh_merge_60
2,accuracy,0.9032258064516129,0.9032258064516129,0.9032258064516129,0.9032258064516129,0.9032258064516129,sp_075_thresh_merge_60
3,macro avg,0.6779857397504456,0.8765082956259427,0.728959733539523,217.0,0.9032258064516129,sp_075_thresh_merge_60
4,weighted avg,0.9520039100684262,0.9032258064516129,0.9202518020809551,217.0,0.9032258064516129,sp_075_thresh_merge_60
0,0.0,0.9794871794871794,0.9362745098039216,0.9573934837092732,204.0,0.9216589861751152,sp_075_thresh_merge_65
1,1.0,0.4090909090909091,0.6923076923076923,0.5142857142857142,13.0,0.9216589861751152,sp_075_thresh_merge_65
2,accuracy,0.9216589861751152,0.9216589861751152,0.9216589861751152,0.9216589861751152,0.9216589861751152,sp_075_thresh_merge_65
3,macro avg,0.6942890442890443,0.8142911010558069,0.7358395989974937,217.0,0.9216589861751152,sp_075_thresh_merge_65
4,weighted avg,0.9453159743482323,0.9216589861751152,0.930847856969613,217.0,0.9216589861751152,sp_075_thresh_merge_65
0,0.0,0.9752475247524752,0.9656862745098039,0.9704433497536946,204.0,0.9447004608294931,sp_075_thresh_merge_70
1,1.0,0.5333333333333333,0.6153846153846154,0.5714285714285715,13.0,0.9447004608294931,sp_075_thresh_merge_70
2,accuracy,0.9447004608294931,0.9447004608294931,0.9447004608294931,0.9447004608294931,0.9447004608294931,sp_075_thresh_merge_70
3,macro avg,0.7542904290429042,0.7905354449472097,0.770935960591133,217.0,0.9447004608294931,sp_075_thresh_merge_70
4,weighted avg,0.9487734026858907,0.9447004608294931,0.9465392386097932,217.0,0.9447004608294931,sp_075_thresh_merge_70
0,0.0,0.9663461538461539,0.9852941176470589,0.9757281553398058,204.0,0.9539170506912442,sp_075_thresh_merge_75
1,1.0,0.6666666666666666,0.46153846153846156,0.5454545454545455,13.0,0.9539170506912442,sp_075_thresh_merge_75
2,accuracy,0.9539170506912442,0.9539170506912442,0.9539170506912442,0.9539170506912442,0.9539170506912442,sp_075_thresh_merge_75
3,macro avg,0.8165064102564102,0.7234162895927603,0.7605913503971757,217.0,0.9539170506912442,sp_075_thresh_merge_75
4,weighted avg,0.9483930048446177,0.9539170506912442,0.9499513953005967,217.0,0.9539170506912442,sp_075_thresh_merge_75
0,0.0,0.9481132075471698,0.9852941176470589,0.9663461538461537,204.0,0.9354838709677419,sp_075_thresh_merge_80
1,1.0,0.4,0.15384615384615385,0.2222222222222222,13.0,0.9354838709677419,sp_075_thresh_merge_80
2,accuracy,0.9354838709677419,0.9354838709677419,0.9354838709677419,0.9354838709677419,0.9354838709677419,sp_075_thresh_merge_80
3,macro avg,0.6740566037735849,0.5695701357466063,0.594284188034188,217.0,0.9354838709677419,sp_075_thresh_merge_80
4,weighted avg,0.9152769324406573,0.9354838709677419,0.9217673007995587,217.0,0.9354838709677419,sp_075_thresh_merge_80
0,0.0,0.9395348837209302,0.9901960784313726,0.9642004773269689,204.0,0.9308755760368663,sp_075_thresh_merge_85
1,1.0,0.0,0.0,0.0,13.0,0.9308755760368663,sp_075_thresh_merge_85
2,accuracy,0.9308755760368663,0.9308755760368663,0.9308755760368663,0.9308755760368663,0.9308755760368663,sp_075_thresh_merge_85
3,macro avg,0.4697674418604651,0.4950980392156863,0.48210023866348445,217.0,0.9308755760368663,sp_075_thresh_merge_85
4,weighted avg,0.883249383774515,0.9308755760368663,0.9064373150907911,217.0,0.9308755760368663,sp_075_thresh_merge_85
0,0.0,0.9398148148148148,0.9950980392156863,0.9666666666666666,204.0,0.9354838709677419,sp_075_thresh_merge_90
1,1.0,0.0,0.0,0.0,13.0,0.9354838709677419,sp_075_thresh_merge_90
2,accuracy,0.9354838709677419,0.9354838709677419,0.9354838709677419,0.9354838709677419,0.9354838709677419,sp_075_thresh_merge_90
3,macro avg,0.4699074074074074,0.49754901960784315,0.4833333333333333,217.0,0.9354838709677419,sp_075_thresh_merge_90
4,weighted avg,0.8835125448028672,0.9354838709677419,0.9087557603686636,217.0,0.9354838709677419,sp_075_thresh_merge_90
0,0.0,0.9398148148148148,0.9950980392156863,0.9666666666666666,204.0,0.9354838709677419,sp_075_thresh_merge_95
1,1.0,0.0,0.0,0.0,13.0,0.9354838709677419,sp_075_thresh_merge_95
2,accuracy,0.9354838709677419,0.9354838709677419,0.9354838709677419,0.9354838709677419,0.9354838709677419,sp_075_thresh_merge_95
3,macro avg,0.4699074074074074,0.49754901960784315,0.4833333333333333,217.0,0.9354838709677419,sp_075_thresh_merge_95
4,weighted avg,0.8835125448028672,0.9354838709677419,0.9087557603686636,217.0,0.9354838709677419,sp_075_thresh_merge_95
0,0.0,1.0,0.7107843137254902,0.830945558739255,204.0,0.728110599078341,sp_07_thresh_merge_50
1,1.0,0.18055555555555555,1.0,0.30588235294117644,13.0,0.728110599078341,sp_07_thresh_merge_50
2,accuracy,0.728110599078341,0.728110599078341,0.728110599078341,0.728110599078341,0.728110599078341,sp_07_thresh_merge_50
3,macro avg,0.5902777777777778,0.8553921568627452,0.5684139558402157,217.0,0.728110599078341,sp_07_thresh_merge_50
4,weighted avg,0.9509088581669227,0.728110599078341,0.7994901593135637,217.0,0.728110599078341,sp_07_thresh_merge_50
0,0.0,1.0,0.7745098039215687,0.8729281767955802,204.0,0.7880184331797235,sp_07_thresh_merge_55
1,1.0,0.22033898305084745,1.0,0.3611111111111111,13.0,0.7880184331797235,sp_07_thresh_merge_55
2,accuracy,0.7880184331797235,0.7880184331797235,0.7880184331797235,0.7880184331797235,0.7880184331797235,sp_07_thresh_merge_55
3,macro avg,0.6101694915254238,0.8872549019607843,0.6170196439533456,217.0,0.7880184331797235,sp_07_thresh_merge_55
4,weighted avg,0.953292197141295,0.7880184331797235,0.8422663249342986,217.0,0.7880184331797235,sp_07_thresh_merge_55
0,0.0,1.0,0.8333333333333334,0.9090909090909091,204.0,0.8433179723502304,sp_07_thresh_merge_60
1,1.0,0.2765957446808511,1.0,0.43333333333333335,13.0,0.8433179723502304,sp_07_thresh_merge_60
2,accuracy,0.8433179723502304,0.8433179723502304,0.8433179723502304,0.8433179723502304,0.8433179723502304,sp_07_thresh_merge_60
3,macro avg,0.6382978723404256,0.9166666666666667,0.6712121212121211,217.0,0.8433179723502304,sp_07_thresh_merge_60
4,weighted avg,0.9566624178841062,0.8433179723502304,0.8805893031699482,217.0,0.8433179723502304,sp_07_thresh_merge_60
0,0.0,1.0,0.9019607843137255,0.9484536082474228,204.0,0.9078341013824884,sp_07_thresh_merge_65
1,1.0,0.3939393939393939,1.0,0.5652173913043478,13.0,0.9078341013824884,sp_07_thresh_merge_65
2,accuracy,0.9078341013824884,0.9078341013824884,0.9078341013824884,0.9078341013824884,0.9078341013824884,sp_07_thresh_merge_65
3,macro avg,0.696969696969697,0.9509803921568627,0.7568354997758853,217.0,0.9078341013824884,sp_07_thresh_merge_65
4,weighted avg,0.9636922217567379,0.9078341013824884,0.9254947565411556,217.0,0.9078341013824884,sp_07_thresh_merge_65
0,0.0,0.9895833333333334,0.9313725490196079,0.9595959595959597,204.0,0.9262672811059908,sp_07_thresh_merge_70
1,1.0,0.44,0.8461538461538461,0.5789473684210525,13.0,0.9262672811059908,sp_07_thresh_merge_70
2,accuracy,0.9262672811059908,0.9262672811059908,0.9262672811059908,0.9262672811059908,0.9262672811059908,sp_07_thresh_merge_70
3,macro avg,0.7147916666666667,0.888763197586727,0.7692716640085061,217.0,0.9262672811059908,sp_07_thresh_merge_70
4,weighted avg,0.9566589861751152,0.9262672811059908,0.9367921269449283,217.0,0.9262672811059908,sp_07_thresh_merge_70
0,0.0,0.98,0.9607843137254902,0.9702970297029702,204.0,0.9447004608294931,sp_07_thresh_merge_75
1,1.0,0.5294117647058824,0.6923076923076923,0.5999999999999999,13.0,0.9447004608294931,sp_07_thresh_merge_75
2,accuracy,0.9447004608294931,0.9447004608294931,0.9447004608294931,0.9447004608294931,0.9447004608294931,sp_07_thresh_merge_75
3,macro avg,0.7547058823529411,0.8265460030165912,0.785148514851485,217.0,0.9447004608294931,sp_07_thresh_merge_75
4,weighted avg,0.9530062347519652,0.9447004608294931,0.94811333667929,217.0,0.9447004608294931,sp_07_thresh_merge_75
0,0.0,0.9615384615384616,0.9803921568627451,0.970873786407767,204.0,0.9447004608294931,sp_07_thresh_merge_80
1,1.0,0.5555555555555556,0.38461538461538464,0.4545454545454546,13.0,0.9447004608294931,sp_07_thresh_merge_80
2,accuracy,0.9447004608294931,0.9447004608294931,0.9447004608294931,0.9447004608294931,0.9447004608294931,sp_07_thresh_merge_80
3,macro avg,0.7585470085470085,0.6825037707390649,0.7127096204766108,217.0,0.9447004608294931,sp_07_thresh_merge_80
4,weighted avg,0.9372169049588405,0.9447004608294931,0.9399416743607161,217.0,0.9447004608294931,sp_07_thresh_merge_80
0,0.0,0.9433962264150944,0.9803921568627451,0.9615384615384616,204.0,0.9262672811059908,sp_07_thresh_merge_85
1,1.0,0.2,0.07692307692307693,0.1111111111111111,13.0,0.9262672811059908,sp_07_thresh_merge_85
2,accuracy,0.9262672811059908,0.9262672811059908,0.9262672811059908,0.9262672811059908,0.9262672811059908,sp_07_thresh_merge_85
3,macro avg,0.5716981132075472,0.528657616892911,0.5363247863247863,217.0,0.9262672811059908,sp_07_thresh_merge_85
4,weighted avg,0.8988609686114252,0.9262672811059908,0.9105912009137817,217.0,0.9262672811059908,sp_07_thresh_merge_85
0,0.0,0.9436619718309859,0.9852941176470589,0.9640287769784172,204.0,0.9308755760368663,sp_07_thresh_merge_90
1,1.0,0.25,0.07692307692307693,0.11764705882352941,13.0,0.9308755760368663,sp_07_thresh_merge_90
2,accuracy,0.9308755760368663,0.9308755760368663,0.9308755760368663,0.9308755760368663,0.9308755760368663,sp_07_thresh_merge_90
3,macro avg,0.596830985915493,0.5311085972850679,0.5408379179009732,217.0,0.9308755760368663,sp_07_thresh_merge_90
4,weighted avg,0.9021061855000974,0.9308755760368663,0.913323881420751,217.0,0.9308755760368663,sp_07_thresh_merge_90
0,0.0,0.9398148148148148,0.9950980392156863,0.9666666666666666,204.0,0.9354838709677419,sp_07_thresh_merge_95
1,1.0,0.0,0.0,0.0,13.0,0.9354838709677419,sp_07_thresh_merge_95
2,accuracy,0.9354838709677419,0.9354838709677419,0.9354838709677419,0.9354838709677419,0.9354838709677419,sp_07_thresh_merge_95
3,macro avg,0.4699074074074074,0.49754901960784315,0.4833333333333333,217.0,0.9354838709677419,sp_07_thresh_merge_95
4,weighted avg,0.8835125448028672,0.9354838709677419,0.9087557603686636,217.0,0.9354838709677419,sp_07_thresh_merge_95
0,0.0,0.9943181818181818,0.8578431372549019,0.9210526315789473,204.0,0.8617511520737328,sp_085_thresh_merge_50
1,1.0,0.2926829268292683,0.9230769230769231,0.4444444444444444,13.0,0.8617511520737328,sp_085_thresh_merge_50
2,accuracy,0.8617511520737328,0.8617511520737328,0.8617511520737328,0.8617511520737328,0.8617511520737328,sp_085_thresh_merge_50
3,macro avg,0.643500554323725,0.8904600301659125,0.6827485380116959,217.0,0.8617511520737328,sp_085_thresh_merge_50
4,weighted avg,0.9522847333626249,0.8617511520737328,0.8925000673727329,217.0,0.8617511520737328,sp_085_thresh_merge_50
0,0.0,0.9891891891891892,0.8970588235294118,0.9408740359897172,204.0,0.8940092165898618,sp_085_thresh_merge_55
1,1.0,0.34375,0.8461538461538461,0.4888888888888889,13.0,0.8940092165898618,sp_085_thresh_merge_55
2,accuracy,0.8940092165898618,0.8940092165898618,0.8940092165898618,0.8940092165898618,0.8940092165898618,sp_085_thresh_merge_55
3,macro avg,0.6664695945945946,0.871606334841629,0.7148814624393031,217.0,0.8940092165898618,sp_085_thresh_merge_55
4,weighted avg,0.9505223253207125,0.8940092165898618,0.9137965847809117,217.0,0.8940092165898618,sp_085_thresh_merge_55
0,0.0,0.9746192893401016,0.9411764705882353,0.9576059850374065,204.0,0.9216589861751152,sp_085_thresh_merge_60
1,1.0,0.4,0.6153846153846154,0.4848484848484849,13.0,0.9216589861751152,sp_085_thresh_merge_60
2,accuracy,0.9216589861751152,0.9216589861751152,0.9216589861751152,0.9216589861751152,0.9216589861751152,sp_085_thresh_merge_60
3,macro avg,0.6873096446700508,0.7782805429864253,0.7212272349429457,217.0,0.9216589861751152,sp_085_thresh_merge_60
4,weighted avg,0.9401950922828604,0.9216589861751152,0.9292841071459043,217.0,0.9216589861751152,sp_085_thresh_merge_60
0,0.0,0.9752475247524752,0.9656862745098039,0.9704433497536946,204.0,0.9447004608294931,sp_085_thresh_merge_65
1,1.0,0.5333333333333333,0.6153846153846154,0.5714285714285715,13.0,0.9447004608294931,sp_085_thresh_merge_65
2,accuracy,0.9447004608294931,0.9447004608294931,0.9447004608294931,0.9447004608294931,0.9447004608294931,sp_085_thresh_merge_65
3,macro avg,0.7542904290429042,0.7905354449472097,0.770935960591133,217.0,0.9447004608294931,sp_085_thresh_merge_65
4,weighted avg,0.9487734026858907,0.9447004608294931,0.9465392386097932,217.0,0.9447004608294931,sp_085_thresh_merge_65
0,0.0,0.9571428571428572,0.9852941176470589,0.9710144927536232,204.0,0.9447004608294931,sp_085_thresh_merge_70
1,1.0,0.5714285714285714,0.3076923076923077,0.4,13.0,0.9447004608294931,sp_085_thresh_merge_70
2,accuracy,0.9447004608294931,0.9447004608294931,0.9447004608294931,0.9447004608294931,0.9447004608294931,sp_085_thresh_merge_70
3,macro avg,0.7642857142857142,0.6464932126696833,0.6855072463768116,217.0,0.9447004608294931,sp_085_thresh_merge_70
4,weighted avg,0.9340355497037525,0.9447004608294931,0.936806251252254,217.0,0.9447004608294931,sp_085_thresh_merge_70
0,0.0,0.9483568075117371,0.9901960784313726,0.9688249400479617,204.0,0.9400921658986175,sp_085_thresh_merge_75
1,1.0,0.5,0.15384615384615385,0.23529411764705882,13.0,0.9400921658986175,sp_085_thresh_merge_75
2,accuracy,0.9400921658986175,0.9400921658986175,0.9400921658986175,0.9400921658986175,0.9400921658986175,sp_085_thresh_merge_75
3,macro avg,0.7241784037558685,0.5720211161387632,0.6020595288475102,217.0,0.9400921658986175,sp_085_thresh_merge_75
4,weighted avg,0.9214967222690985,0.9400921658986175,0.9248806972313177,217.0,0.9400921658986175,sp_085_thresh_merge_75
0,0.0,0.9398148148148148,0.9950980392156863,0.9666666666666666,204.0,0.9354838709677419,sp_085_thresh_merge_80
1,1.0,0.0,0.0,0.0,13.0,0.9354838709677419,sp_085_thresh_merge_80
2,accuracy,0.9354838709677419,0.9354838709677419,0.9354838709677419,0.9354838709677419,0.9354838709677419,sp_085_thresh_merge_80
3,macro avg,0.4699074074074074,0.49754901960784315,0.4833333333333333,217.0,0.9354838709677419,sp_085_thresh_merge_80
4,weighted avg,0.8835125448028672,0.9354838709677419,0.9087557603686636,217.0,0.9354838709677419,sp_085_thresh_merge_80
0,0.0,0.9398148148148148,0.9950980392156863,0.9666666666666666,204.0,0.9354838709677419,sp_085_thresh_merge_85
1,1.0,0.0,0.0,0.0,13.0,0.9354838709677419,sp_085_thresh_merge_85
2,accuracy,0.9354838709677419,0.9354838709677419,0.9354838709677419,0.9354838709677419,0.9354838709677419,sp_085_thresh_merge_85
3,macro avg,0.4699074074074074,0.49754901960784315,0.4833333333333333,217.0,0.9354838709677419,sp_085_thresh_merge_85
4,weighted avg,0.8835125448028672,0.9354838709677419,0.9087557603686636,217.0,0.9354838709677419,sp_085_thresh_merge_85
0,0.0,0.9400921658986175,1.0,0.9691211401425179,204.0,0.9400921658986175,sp_085_thresh_merge_90
1,1.0,0.0,0.0,0.0,13.0,0.9400921658986175,sp_085_thresh_merge_90
2,accuracy,0.9400921658986175,0.9400921658986175,0.9400921658986175,0.9400921658986175,0.9400921658986175,sp_085_thresh_merge_90
3,macro avg,0.4700460829493088,0.5,0.48456057007125897,217.0,0.9400921658986175,sp_085_thresh_merge_90
4,weighted avg,0.8837732803839539,0.9400921658986175,0.9110631916547173,217.0,0.9400921658986175,sp_085_thresh_merge_90
0,0.0,0.9400921658986175,1.0,0.9691211401425179,204.0,0.9400921658986175,sp_085_thresh_merge_95
1,1.0,0.0,0.0,0.0,13.0,0.9400921658986175,sp_085_thresh_merge_95
2,accuracy,0.9400921658986175,0.9400921658986175,0.9400921658986175,0.9400921658986175,0.9400921658986175,sp_085_thresh_merge_95
3,macro avg,0.4700460829493088,0.5,0.48456057007125897,217.0,0.9400921658986175,sp_085_thresh_merge_95
4,weighted avg,0.8837732803839539,0.9400921658986175,0.9110631916547173,217.0,0.9400921658986175,sp_085_thresh_merge_95
0,0.0,0.9941520467836257,0.8333333333333334,0.9066666666666667,204.0,0.8387096774193549,sp_08_thresh_merge_50
1,1.0,0.2608695652173913,0.9230769230769231,0.4067796610169491,13.0,0.8387096774193549,sp_08_thresh_merge_50
2,accuracy,0.8387096774193549,0.8387096774193549,0.8387096774193549,0.8387096774193549,0.8387096774193549,sp_08_thresh_merge_50
3,macro avg,0.6275108060005085,0.8782051282051282,0.656723163841808,217.0,0.8387096774193549,sp_08_thresh_merge_50
4,weighted avg,0.9502226815285058,0.8387096774193549,0.8767195188627666,217.0,0.8387096774193549,sp_08_thresh_merge_50
0,0.0,0.989010989010989,0.8823529411764706,0.9326424870466321,204.0,0.880184331797235,sp_08_thresh_merge_55
1,1.0,0.3142857142857143,0.8461538461538461,0.45833333333333337,13.0,0.880184331797235,sp_08_thresh_merge_55
2,accuracy,0.880184331797235,0.880184331797235,0.880184331797235,0.880184331797235,0.880184331797235,sp_08_thresh_merge_55
3,macro avg,0.6516483516483517,0.8642533936651584,0.6954879101899827,217.0,0.880184331797235,sp_08_thresh_merge_55
4,weighted avg,0.9485896591887375,0.880184331797235,0.9042276529532087,217.0,0.880184331797235,sp_08_thresh_merge_55
0,0.0,0.984375,0.9264705882352942,0.9545454545454545,204.0,0.9170506912442397,sp_08_thresh_merge_60
1,1.0,0.4,0.7692307692307693,0.5263157894736842,13.0,0.9170506912442397,sp_08_thresh_merge_60
2,accuracy,0.9170506912442397,0.9170506912442397,0.9170506912442397,0.9170506912442397,0.9170506912442397,sp_08_thresh_merge_60
3,macro avg,0.6921875,0.8478506787330318,0.7404306220095693,217.0,0.9170506912442397,sp_08_thresh_merge_60
4,weighted avg,0.9493663594470045,0.9170506912442397,0.9288911428130443,217.0,0.9170506912442397,sp_08_thresh_merge_60
0,0.0,0.9748743718592965,0.9509803921568627,0.9627791563275433,204.0,0.9308755760368663,sp_08_thresh_merge_65
1,1.0,0.4444444444444444,0.6153846153846154,0.5161290322580646,13.0,0.9308755760368663,sp_08_thresh_merge_65
2,accuracy,0.9308755760368663,0.9308755760368663,0.9308755760368663,0.9308755760368663,0.9308755760368663,sp_08_thresh_merge_65
3,macro avg,0.7096594081518705,0.7831825037707391,0.739454094292804,217.0,0.9308755760368663,sp_08_thresh_merge_65
4,weighted avg,0.9430974637653191,0.9308755760368663,0.9360213147934271,217.0,0.9308755760368663,sp_08_thresh_merge_65
0,0.0,0.970873786407767,0.9803921568627451,0.975609756097561,204.0,0.9539170506912442,sp_08_thresh_merge_70
1,1.0,0.6363636363636364,0.5384615384615384,0.5833333333333334,13.0,0.9539170506912442,sp_08_thresh_merge_70
2,accuracy,0.9539170506912442,0.9539170506912442,0.9539170506912442,0.9539170506912442,0.9539170506912442,sp_08_thresh_merge_70
3,macro avg,0.8036187113857016,0.7594268476621417,0.7794715447154472,217.0,0.9539170506912442,sp_08_thresh_merge_70
4,weighted avg,0.9508340078336946,0.9539170506912442,0.9521093252407179,217.0,0.9539170506912442,sp_08_thresh_merge_70
0,0.0,0.9571428571428572,0.9852941176470589,0.9710144927536232,204.0,0.9447004608294931,sp_08_thresh_merge_75
1,1.0,0.5714285714285714,0.3076923076923077,0.4,13.0,0.9447004608294931,sp_08_thresh_merge_75
2,accuracy,0.9447004608294931,0.9447004608294931,0.9447004608294931,0.9447004608294931,0.9447004608294931,sp_08_thresh_merge_75
3,macro avg,0.7642857142857142,0.6464932126696833,0.6855072463768116,217.0,0.9447004608294931,sp_08_thresh_merge_75
4,weighted avg,0.9340355497037525,0.9447004608294931,0.936806251252254,217.0,0.9447004608294931,sp_08_thresh_merge_75
0,0.0,0.9439252336448598,0.9901960784313726,0.9665071770334929,204.0,0.9354838709677419,sp_08_thresh_merge_80
1,1.0,0.3333333333333333,0.07692307692307693,0.125,13.0,0.9354838709677419,sp_08_thresh_merge_80
2,accuracy,0.9354838709677419,0.9354838709677419,0.9354838709677419,0.9354838709677419,0.9354838709677419,sp_08_thresh_merge_80
3,macro avg,0.6386292834890965,0.5335595776772247,0.5457535885167464,217.0,0.9354838709677419,sp_08_thresh_merge_80
4,weighted avg,0.9073459953773491,0.9354838709677419,0.9160943046766477,217.0,0.9354838709677419,sp_08_thresh_merge_80
0,0.0,0.9398148148148148,0.9950980392156863,0.9666666666666666,204.0,0.9354838709677419,sp_08_thresh_merge_85
1,1.0,0.0,0.0,0.0,13.0,0.9354838709677419,sp_08_thresh_merge_85
2,accuracy,0.9354838709677419,0.9354838709677419,0.9354838709677419,0.9354838709677419,0.9354838709677419,sp_08_thresh_merge_85
3,macro avg,0.4699074074074074,0.49754901960784315,0.4833333333333333,217.0,0.9354838709677419,sp_08_thresh_merge_85
4,weighted avg,0.8835125448028672,0.9354838709677419,0.9087557603686636,217.0,0.9354838709677419,sp_08_thresh_merge_85
0,0.0,0.9398148148148148,0.9950980392156863,0.9666666666666666,204.0,0.9354838709677419,sp_08_thresh_merge_90
1,1.0,0.0,0.0,0.0,13.0,0.9354838709677419,sp_08_thresh_merge_90
2,accuracy,0.9354838709677419,0.9354838709677419,0.9354838709677419,0.9354838709677419,0.9354838709677419,sp_08_thresh_merge_90
3,macro avg,0.4699074074074074,0.49754901960784315,0.4833333333333333,217.0,0.9354838709677419,sp_08_thresh_merge_90
4,weighted avg,0.8835125448028672,0.9354838709677419,0.9087557603686636,217.0,0.9354838709677419,sp_08_thresh_merge_90
0,0.0,0.9400921658986175,1.0,0.9691211401425179,204.0,0.9400921658986175,sp_08_thresh_merge_95
1,1.0,0.0,0.0,0.0,13.0,0.9400921658986175,sp_08_thresh_merge_95
2,accuracy,0.9400921658986175,0.9400921658986175,0.9400921658986175,0.9400921658986175,0.9400921658986175,sp_08_thresh_merge_95
3,macro avg,0.4700460829493088,0.5,0.48456057007125897,217.0,0.9400921658986175,sp_08_thresh_merge_95
4,weighted avg,0.8837732803839539,0.9400921658986175,0.9110631916547173,217.0,0.9400921658986175,sp_08_thresh_merge_95
0,0.0,0.9888888888888889,0.8725490196078431,0.9270833333333334,204.0,0.8709677419354839,sp_09_thresh_merge_50
1,1.0,0.2972972972972973,0.8461538461538461,0.44000000000000006,13.0,0.8709677419354839,sp_09_thresh_merge_50
2,accuracy,0.8709677419354839,0.8709677419354839,0.8709677419354839,0.8709677419354839,0.8709677419354839,sp_09_thresh_merge_50
3,macro avg,0.6430930930930931,0.8593514328808447,0.6835416666666667,217.0,0.8709677419354839,sp_09_thresh_merge_50
4,weighted avg,0.9474571345539089,0.8709677419354839,0.8979032258064517,217.0,0.8709677419354839,sp_09_thresh_merge_50
0,0.0,0.9842105263157894,0.9166666666666666,0.949238578680203,204.0,0.9078341013824884,sp_09_thresh_merge_55
1,1.0,0.37037037037037035,0.7692307692307693,0.5,13.0,0.9078341013824884,sp_09_thresh_merge_55
2,accuracy,0.9078341013824884,0.9078341013824884,0.9078341013824884,0.9078341013824884,0.9078341013824884,sp_09_thresh_merge_55
3,macro avg,0.6772904483430799,0.842948717948718,0.7246192893401016,217.0,0.9078341013824884,sp_09_thresh_merge_55
4,weighted avg,0.9474366920886444,0.9078341013824884,0.9223256684366886,217.0,0.9078341013824884,sp_09_thresh_merge_55
0,0.0,0.9751243781094527,0.9607843137254902,0.9679012345679012,204.0,0.9400921658986175,sp_09_thresh_merge_60
1,1.0,0.5,0.6153846153846154,0.5517241379310345,13.0,0.9400921658986175,sp_09_thresh_merge_60
2,accuracy,0.9400921658986175,0.9400921658986175,0.9400921658986175,0.9400921658986175,0.9400921658986175,sp_09_thresh_merge_60
3,macro avg,0.7375621890547264,0.7880844645550529,0.7598126862494679,217.0,0.9400921658986175,sp_09_thresh_merge_60
4,weighted avg,0.9466607056881492,0.9400921658986175,0.9429689661057848,217.0,0.9400921658986175,sp_09_thresh_merge_60
0,0.0,0.9663461538461539,0.9852941176470589,0.9757281553398058,204.0,0.9539170506912442,sp_09_thresh_merge_65
1,1.0,0.6666666666666666,0.46153846153846156,0.5454545454545455,13.0,0.9539170506912442,sp_09_thresh_merge_65
2,accuracy,0.9539170506912442,0.9539170506912442,0.9539170506912442,0.9539170506912442,0.9539170506912442,sp_09_thresh_merge_65
3,macro avg,0.8165064102564102,0.7234162895927603,0.7605913503971757,217.0,0.9539170506912442,sp_09_thresh_merge_65
4,weighted avg,0.9483930048446177,0.9539170506912442,0.9499513953005967,217.0,0.9539170506912442,sp_09_thresh_merge_65
0,0.0,0.957345971563981,0.9901960784313726,0.9734939759036145,204.0,0.9493087557603687,sp_09_thresh_merge_70
1,1.0,0.6666666666666666,0.3076923076923077,0.42105263157894735,13.0,0.9493087557603687,sp_09_thresh_merge_70
2,accuracy,0.9493087557603687,0.9493087557603687,0.9493087557603687,0.9493087557603687,0.9493087557603687,sp_09_thresh_merge_70
3,macro avg,0.8120063191153238,0.6489441930618401,0.6972733037412809,217.0,0.9493087557603687,sp_09_thresh_merge_70
4,weighted avg,0.9399320039894876,0.9493087557603687,0.9403984114970676,217.0,0.9493087557603687,sp_09_thresh_merge_70
0,0.0,0.9398148148148148,0.9950980392156863,0.9666666666666666,204.0,0.9354838709677419,sp_09_thresh_merge_75
1,1.0,0.0,0.0,0.0,13.0,0.9354838709677419,sp_09_thresh_merge_75
2,accuracy,0.9354838709677419,0.9354838709677419,0.9354838709677419,0.9354838709677419,0.9354838709677419,sp_09_thresh_merge_75
3,macro avg,0.4699074074074074,0.49754901960784315,0.4833333333333333,217.0,0.9354838709677419,sp_09_thresh_merge_75
4,weighted avg,0.8835125448028672,0.9354838709677419,0.9087557603686636,217.0,0.9354838709677419,sp_09_thresh_merge_75
0,0.0,0.9398148148148148,0.9950980392156863,0.9666666666666666,204.0,0.9354838709677419,sp_09_thresh_merge_80
1,1.0,0.0,0.0,0.0,13.0,0.9354838709677419,sp_09_thresh_merge_80
2,accuracy,0.9354838709677419,0.9354838709677419,0.9354838709677419,0.9354838709677419,0.9354838709677419,sp_09_thresh_merge_80
3,macro avg,0.4699074074074074,0.49754901960784315,0.4833333333333333,217.0,0.9354838709677419,sp_09_thresh_merge_80
4,weighted avg,0.8835125448028672,0.9354838709677419,0.9087557603686636,217.0,0.9354838709677419,sp_09_thresh_merge_80
0,0.0,0.9400921658986175,1.0,0.9691211401425179,204.0,0.9400921658986175,sp_09_thresh_merge_85
1,1.0,0.0,0.0,0.0,13.0,0.9400921658986175,sp_09_thresh_merge_85
2,accuracy,0.9400921658986175,0.9400921658986175,0.9400921658986175,0.9400921658986175,0.9400921658986175,sp_09_thresh_merge_85
3,macro avg,0.4700460829493088,0.5,0.48456057007125897,217.0,0.9400921658986175,sp_09_thresh_merge_85
4,weighted avg,0.8837732803839539,0.9400921658986175,0.9110631916547173,217.0,0.9400921658986175,sp_09_thresh_merge_85
0,0.0,0.9400921658986175,1.0,0.9691211401425179,204.0,0.9400921658986175,sp_09_thresh_merge_90
1,1.0,0.0,0.0,0.0,13.0,0.9400921658986175,sp_09_thresh_merge_90
2,accuracy,0.9400921658986175,0.9400921658986175,0.9400921658986175,0.9400921658986175,0.9400921658986175,sp_09_thresh_merge_90
3,macro avg,0.4700460829493088,0.5,0.48456057007125897,217.0,0.9400921658986175,sp_09_thresh_merge_90
4,weighted avg,0.8837732803839539,0.9400921658986175,0.9110631916547173,217.0,0.9400921658986175,sp_09_thresh_merge_90
0,0.0,0.9400921658986175,1.0,0.9691211401425179,204.0,0.9400921658986175,sp_09_thresh_merge_95
1,1.0,0.0,0.0,0.0,13.0,0.9400921658986175,sp_09_thresh_merge_95
2,accuracy,0.9400921658986175,0.9400921658986175,0.9400921658986175,0.9400921658986175,0.9400921658986175,sp_09_thresh_merge_95
3,macro avg,0.4700460829493088,0.5,0.48456057007125897,217.0,0.9400921658986175,sp_09_thresh_merge_95
4,weighted avg,0.8837732803839539,0.9400921658986175,0.9110631916547173,217.0,0.9400921658986175,sp_09_thresh_merge_95
0,0.0,1.0,0.6421568627450981,0.782089552238806,204.0,0.663594470046083,sp_65_thresh_merge_50
1,1.0,0.1511627906976744,1.0,0.2626262626262626,13.0,0.663594470046083,sp_65_thresh_merge_50
2,accuracy,0.663594470046083,0.663594470046083,0.663594470046083,0.663594470046083,0.663594470046083,sp_65_thresh_merge_50
3,macro avg,0.5755813953488372,0.821078431372549,0.5223579074325343,217.0,0.663594470046083,sp_65_thresh_merge_50
4,weighted avg,0.9491480012860358,0.663594470046083,0.7509696316629394,217.0,0.663594470046083,sp_65_thresh_merge_50
0,0.0,1.0,0.7107843137254902,0.830945558739255,204.0,0.728110599078341,sp_65_thresh_merge_55
1,1.0,0.18055555555555555,1.0,0.30588235294117644,13.0,0.728110599078341,sp_65_thresh_merge_55
2,accuracy,0.728110599078341,0.728110599078341,0.728110599078341,0.728110599078341,0.728110599078341,sp_65_thresh_merge_55
3,macro avg,0.5902777777777778,0.8553921568627452,0.5684139558402157,217.0,0.728110599078341,sp_65_thresh_merge_55
4,weighted avg,0.9509088581669227,0.728110599078341,0.7994901593135637,217.0,0.728110599078341,sp_65_thresh_merge_55
0,0.0,1.0,0.7794117647058824,0.8760330578512397,204.0,0.7926267281105991,sp_65_thresh_merge_60
1,1.0,0.22413793103448276,1.0,0.36619718309859156,13.0,0.7926267281105991,sp_65_thresh_merge_60
2,accuracy,0.7926267281105991,0.7926267281105991,0.7926267281105991,0.7926267281105991,0.7926267281105991,sp_65_thresh_merge_60
3,macro avg,0.6120689655172413,0.8897058823529411,0.6211151204749157,217.0,0.7926267281105991,sp_65_thresh_merge_60
4,weighted avg,0.9535197838868584,0.7926267281105991,0.8454898948476249,217.0,0.7926267281105991,sp_65_thresh_merge_60
0,0.0,1.0,0.8431372549019608,0.9148936170212766,204.0,0.8525345622119815,sp_65_thresh_merge_65
1,1.0,0.28888888888888886,1.0,0.4482758620689655,13.0,0.8525345622119815,sp_65_thresh_merge_65
2,accuracy,0.8525345622119815,0.8525345622119815,0.8525345622119815,0.8525345622119815,0.8525345622119815,sp_65_thresh_merge_65
3,macro avg,0.6444444444444444,0.9215686274509804,0.6815847395451211,217.0,0.8525345622119815,sp_65_thresh_merge_65
4,weighted avg,0.9573988735279058,0.8525345622119815,0.886939557968834,217.0,0.8525345622119815,sp_65_thresh_merge_65
0,0.0,1.0,0.8872549019607843,0.9402597402597402,204.0,0.8940092165898618,sp_65_thresh_merge_70
1,1.0,0.3611111111111111,1.0,0.5306122448979591,13.0,0.8940092165898618,sp_65_thresh_merge_70
2,accuracy,0.8940092165898618,0.8940092165898618,0.8940092165898618,0.8940092165898618,0.8940092165898618,sp_65_thresh_merge_70
3,macro avg,0.6805555555555556,0.9436274509803921,0.7354359925788496,217.0,0.8940092165898618,sp_65_thresh_merge_70
4,weighted avg,0.9617255504352279,0.8940092165898618,0.9157186460675598,217.0,0.8940092165898618,sp_65_thresh_merge_70
0,0.0,0.9896907216494846,0.9411764705882353,0.964824120603015,204.0,0.9354838709677419,sp_65_thresh_merge_75
1,1.0,0.4782608695652174,0.8461538461538461,0.6111111111111112,13.0,0.9354838709677419,sp_65_thresh_merge_75
2,accuracy,0.9354838709677419,0.9354838709677419,0.9354838709677419,0.9354838709677419,0.9354838709677419,sp_65_thresh_merge_75
3,macro avg,0.7339757956073509,0.8936651583710407,0.7879676158570631,217.0,0.9354838709677419,sp_65_thresh_merge_75
4,weighted avg,0.9590520669163257,0.9354838709677419,0.9436339403108734,217.0,0.9354838709677419,sp_65_thresh_merge_75
0,0.0,0.975,0.9558823529411765,0.9653465346534653,204.0,0.9354838709677419,sp_65_thresh_merge_80
1,1.0,0.47058823529411764,0.6153846153846154,0.5333333333333333,13.0,0.9354838709677419,sp_65_thresh_merge_80
2,accuracy,0.9354838709677419,0.9354838709677419,0.9354838709677419,0.9354838709677419,0.9354838709677419,sp_65_thresh_merge_80
3,macro avg,0.7227941176470588,0.785633484162896,0.7493399339933993,217.0,0.9354838709677419,sp_65_thresh_merge_80
4,weighted avg,0.9447817836812145,0.9354838709677419,0.9394655594591718,217.0,0.9354838709677419,sp_65_thresh_merge_80
0,0.0,0.9567307692307693,0.9754901960784313,0.9660194174757282,204.0,0.9354838709677419,sp_65_thresh_merge_85
1,1.0,0.4444444444444444,0.3076923076923077,0.3636363636363637,13.0,0.9354838709677419,sp_65_thresh_merge_85
2,accuracy,0.9354838709677419,0.9354838709677419,0.9354838709677419,0.9354838709677419,0.9354838709677419,sp_65_thresh_merge_85
3,macro avg,0.7005876068376069,0.6415912518853695,0.664827890556046,217.0,0.9354838709677419,sp_65_thresh_merge_85
4,weighted avg,0.9260408050730632,0.9354838709677419,0.9299319534208353,217.0,0.9354838709677419,sp_65_thresh_merge_85
0,0.0,0.9433962264150944,0.9803921568627451,0.9615384615384616,204.0,0.9262672811059908,sp_65_thresh_merge_90
1,1.0,0.2,0.07692307692307693,0.1111111111111111,13.0,0.9262672811059908,sp_65_thresh_merge_90
2,accuracy,0.9262672811059908,0.9262672811059908,0.9262672811059908,0.9262672811059908,0.9262672811059908,sp_65_thresh_merge_90
3,macro avg,0.5716981132075472,0.528657616892911,0.5363247863247863,217.0,0.9262672811059908,sp_65_thresh_merge_90
4,weighted avg,0.8988609686114252,0.9262672811059908,0.9105912009137817,217.0,0.9262672811059908,sp_65_thresh_merge_90
0,0.0,0.9398148148148148,0.9950980392156863,0.9666666666666666,204.0,0.9354838709677419,sp_65_thresh_merge_95
1,1.0,0.0,0.0,0.0,13.0,0.9354838709677419,sp_65_thresh_merge_95
2,accuracy,0.9354838709677419,0.9354838709677419,0.9354838709677419,0.9354838709677419,0.9354838709677419,sp_65_thresh_merge_95
3,macro avg,0.4699074074074074,0.49754901960784315,0.4833333333333333,217.0,0.9354838709677419,sp_65_thresh_merge_95
4,weighted avg,0.8835125448028672,0.9354838709677419,0.9087557603686636,217.0,0.9354838709677419,sp_65_thresh_merge_95
