,stat,precision,recall,f1-score,support,model_accuracy,model
0,0,0,0,0,7,0.96744186,sp_055_thresh_merge_50
1,1,0.96744186,1,0.983451537,208,0.96744186,sp_055_thresh_merge_50
2,accuracy,0.96744186,0.96744186,0.96744186,0.96744186,0.96744186,sp_055_thresh_merge_50
3,macro avg,0.48372093,0.5,0.491725768,215,0.96744186,sp_055_thresh_merge_50
4,weighted avg,0.935943753,0.96744186,0.951432184,215,0.96744186,sp_055_thresh_merge_50
0,0,1,0.142857143,0.25,7,0.972093023,sp_055_thresh_merge_55
1,1,0.971962617,1,0.985781991,208,0.972093023,sp_055_thresh_merge_55
2,accuracy,0.972093023,0.972093023,0.972093023,0.972093023,0.972093023,sp_055_thresh_merge_55
3,macro avg,0.985981308,0.571428571,0.617890995,215,0.972093023,sp_055_thresh_merge_55
4,weighted avg,0.972875462,0.972093023,0.961826298,215,0.972093023,sp_055_thresh_merge_55
0,0,0.333333333,0.142857143,0.2,7,0.962790698,sp_055_thresh_merge_60
1,1,0.971698113,0.990384615,0.980952381,208,0.962790698,sp_055_thresh_merge_60
2,accuracy,0.962790698,0.962790698,0.962790698,0.962790698,0.962790698,sp_055_thresh_merge_60
3,macro avg,0.652515723,0.566620879,0.59047619,215,0.962790698,sp_055_thresh_merge_60
4,weighted avg,0.950914144,0.962790698,0.955526024,215,0.962790698,sp_055_thresh_merge_60
0,0,0.333333333,0.285714286,0.307692308,7,0.958139535,sp_055_thresh_merge_65
1,1,0.976076555,0.980769231,0.978417266,208,0.958139535,sp_055_thresh_merge_65
2,accuracy,0.958139535,0.958139535,0.958139535,0.958139535,0.958139535,sp_055_thresh_merge_65
3,macro avg,0.654704944,0.633241758,0.643054787,215,0.958139535,sp_055_thresh_merge_65
4,weighted avg,0.955150032,0.958139535,0.956579709,215,0.958139535,sp_055_thresh_merge_65
0,0,0.285714286,0.285714286,0.285714286,7,0.953488372,sp_055_thresh_merge_70
1,1,0.975961538,0.975961538,0.975961538,208,0.953488372,sp_055_thresh_merge_70
2,accuracy,0.953488372,0.953488372,0.953488372,0.953488372,0.953488372,sp_055_thresh_merge_70
3,macro avg,0.630837912,0.630837912,0.630837912,215,0.953488372,sp_055_thresh_merge_70
4,weighted avg,0.953488372,0.953488372,0.953488372,215,0.953488372,sp_055_thresh_merge_70
0,0,0.142857143,0.285714286,0.19047619,7,0.920930233,sp_055_thresh_merge_75
1,1,0.975124378,0.942307692,0.958435208,208,0.920930233,sp_055_thresh_merge_75
2,accuracy,0.920930233,0.920930233,0.920930233,0.920930233,0.920930233,sp_055_thresh_merge_75
3,macro avg,0.55899076,0.614010989,0.574455699,215,0.920930233,sp_055_thresh_merge_75
4,weighted avg,0.948027305,0.920930233,0.933431891,215,0.920930233,sp_055_thresh_merge_75
0,0,0.107142857,0.428571429,0.171428571,7,0.865116279,sp_055_thresh_merge_80
1,1,0.978609626,0.879807692,0.926582278,208,0.865116279,sp_055_thresh_merge_80
2,accuracy,0.865116279,0.865116279,0.865116279,0.865116279,0.865116279,sp_055_thresh_merge_80
3,macro avg,0.542876241,0.65418956,0.549005425,215,0.865116279,sp_055_thresh_merge_80
4,weighted avg,0.950236289,0.865116279,0.901995879,215,0.865116279,sp_055_thresh_merge_80
0,0,0.108695652,0.714285714,0.188679245,7,0.8,sp_055_thresh_merge_85
1,1,0.98816568,0.802884615,0.885941645,208,0.8,sp_055_thresh_merge_85
2,accuracy,0.8,0.8,0.8,0.8,0.8,sp_055_thresh_merge_85
3,macro avg,0.548430666,0.758585165,0.537310445,215,0.8,sp_055_thresh_merge_85
4,weighted avg,0.959531773,0.8,0.863240078,215,0.8,sp_055_thresh_merge_85
0,0,0.074074074,0.857142857,0.136363636,7,0.646511628,sp_055_thresh_merge_90
1,1,0.992537313,0.639423077,0.777777778,208,0.646511628,sp_055_thresh_merge_90
2,accuracy,0.646511628,0.646511628,0.646511628,0.646511628,0.646511628,sp_055_thresh_merge_90
3,macro avg,0.533305694,0.748282967,0.457070707,215,0.646511628,sp_055_thresh_merge_90
4,weighted avg,0.962633859,0.646511628,0.756894527,215,0.646511628,sp_055_thresh_merge_90
0,0,0.044117647,0.857142857,0.083916084,7,0.390697674,sp_055_thresh_merge_95
1,1,0.987341772,0.375,0.543554007,208,0.390697674,sp_055_thresh_merge_95
2,accuracy,0.390697674,0.390697674,0.390697674,0.390697674,0.390697674,sp_055_thresh_merge_95
3,macro avg,0.51572971,0.616071429,0.313735045,215,0.390697674,sp_055_thresh_merge_95
4,weighted avg,0.956632149,0.390697674,0.528589051,215,0.390697674,sp_055_thresh_merge_95
0,0,0.1,0.142857143,0.117647059,7,0.930232558,sp_05_thresh_merge_50
1,1,0.970731707,0.956730769,0.963680387,208,0.930232558,sp_05_thresh_merge_50
2,accuracy,0.930232558,0.930232558,0.930232558,0.930232558,0.930232558,sp_05_thresh_merge_50
3,macro avg,0.535365854,0.549793956,0.540663723,215,0.930232558,sp_05_thresh_merge_50
4,weighted avg,0.942382303,0.930232558,0.936135116,215,0.930232558,sp_05_thresh_merge_50
0,0,0.136363636,0.428571429,0.206896552,7,0.893023256,sp_05_thresh_merge_55
1,1,0.979274611,0.908653846,0.942643392,208,0.893023256,sp_05_thresh_merge_55
2,accuracy,0.893023256,0.893023256,0.893023256,0.893023256,0.893023256,sp_05_thresh_merge_55
3,macro avg,0.557819124,0.668612637,0.574769972,215,0.893023256,sp_05_thresh_merge_55
4,weighted avg,0.951830998,0.893023256,0.918688843,215,0.893023256,sp_05_thresh_merge_55
0,0,0.096774194,0.428571429,0.157894737,7,0.851162791,sp_05_thresh_merge_60
1,1,0.97826087,0.865384615,0.918367347,208,0.851162791,sp_05_thresh_merge_60
2,accuracy,0.851162791,0.851162791,0.851162791,0.851162791,0.851162791,sp_05_thresh_merge_60
3,macro avg,0.537517532,0.646978022,0.538131042,215,0.851162791,sp_05_thresh_merge_60
4,weighted avg,0.949561303,0.851162791,0.893607774,215,0.851162791,sp_05_thresh_merge_60
0,0,0.069767442,0.428571429,0.12,7,0.795348837,sp_05_thresh_merge_65
1,1,0.976744186,0.807692308,0.884210526,208,0.795348837,sp_05_thresh_merge_65
2,accuracy,0.795348837,0.795348837,0.795348837,0.795348837,0.795348837,sp_05_thresh_merge_65
3,macro avg,0.523255814,0.618131868,0.502105263,215,0.795348837,sp_05_thresh_merge_65
4,weighted avg,0.947214711,0.795348837,0.859329253,215,0.795348837,sp_05_thresh_merge_65
0,0,0.068965517,0.571428571,0.123076923,7,0.734883721,sp_05_thresh_merge_70
1,1,0.98089172,0.740384615,0.843835616,208,0.734883721,sp_05_thresh_merge_70
2,accuracy,0.734883721,0.734883721,0.734883721,0.734883721,0.734883721,sp_05_thresh_merge_70
3,macro avg,0.524928618,0.655906593,0.48345627,215,0.734883721,sp_05_thresh_merge_70
4,weighted avg,0.951201099,0.734883721,0.820369054,215,0.734883721,sp_05_thresh_merge_70
0,0,0.068181818,0.857142857,0.126315789,7,0.613953488,sp_05_thresh_merge_75
1,1,0.992125984,0.605769231,0.752238806,208,0.613953488,sp_05_thresh_merge_75
2,accuracy,0.613953488,0.613953488,0.613953488,0.613953488,0.613953488,sp_05_thresh_merge_75
3,macro avg,0.530153901,0.731456044,0.439277298,215,0.613953488,sp_05_thresh_merge_75
4,weighted avg,0.962044081,0.613953488,0.731859917,215,0.613953488,sp_05_thresh_merge_75
0,0,0.0625,1,0.117647059,7,0.511627907,sp_05_thresh_merge_80
1,1,1,0.495192308,0.662379421,208,0.511627907,sp_05_thresh_merge_80
2,accuracy,0.511627907,0.511627907,0.511627907,0.511627907,0.511627907,sp_05_thresh_merge_80
3,macro avg,0.53125,0.747596154,0.39001324,215,0.511627907,sp_05_thresh_merge_80
4,weighted avg,0.969476744,0.511627907,0.644643949,215,0.511627907,sp_05_thresh_merge_80
0,0,0.049295775,1,0.093959732,7,0.372093023,sp_05_thresh_merge_85
1,1,1,0.350961538,0.519572954,208,0.372093023,sp_05_thresh_merge_85
2,accuracy,0.372093023,0.372093023,0.372093023,0.372093023,0.372093023,sp_05_thresh_merge_85
3,macro avg,0.524647887,0.675480769,0.306766343,215,0.372093023,sp_05_thresh_merge_85
4,weighted avg,0.969046839,0.372093023,0.505715779,215,0.372093023,sp_05_thresh_merge_85
0,0,0.038251366,1,0.073684211,7,0.181395349,sp_05_thresh_merge_90
1,1,1,0.153846154,0.266666667,208,0.181395349,sp_05_thresh_merge_90
2,accuracy,0.181395349,0.181395349,0.181395349,0.181395349,0.181395349,sp_05_thresh_merge_90
3,macro avg,0.519125683,0.576923077,0.170175439,215,0.181395349,sp_05_thresh_merge_90
4,weighted avg,0.968687254,0.181395349,0.260383517,215,0.181395349,sp_05_thresh_merge_90
0,0,0.034313725,1,0.066350711,7,0.08372093,sp_05_thresh_merge_95
1,1,1,0.052884615,0.100456621,208,0.08372093,sp_05_thresh_merge_95
2,accuracy,0.08372093,0.08372093,0.08372093,0.08372093,0.08372093,sp_05_thresh_merge_95
3,macro avg,0.517156863,0.526442308,0.083403666,215,0.08372093,sp_05_thresh_merge_95
4,weighted avg,0.968559052,0.08372093,0.099346196,215,0.08372093,sp_05_thresh_merge_95
0,0,0,0,0,7,0.96744186,sp_06_thresh_merge_50
1,1,0.96744186,1,0.983451537,208,0.96744186,sp_06_thresh_merge_50
2,accuracy,0.96744186,0.96744186,0.96744186,0.96744186,0.96744186,sp_06_thresh_merge_50
3,macro avg,0.48372093,0.5,0.491725768,215,0.96744186,sp_06_thresh_merge_50
4,weighted avg,0.935943753,0.96744186,0.951432184,215,0.96744186,sp_06_thresh_merge_50
0,0,1,0.142857143,0.25,7,0.972093023,sp_06_thresh_merge_55
1,1,0.971962617,1,0.985781991,208,0.972093023,sp_06_thresh_merge_55
2,accuracy,0.972093023,0.972093023,0.972093023,0.972093023,0.972093023,sp_06_thresh_merge_55
3,macro avg,0.985981308,0.571428571,0.617890995,215,0.972093023,sp_06_thresh_merge_55
4,weighted avg,0.972875462,0.972093023,0.961826298,215,0.972093023,sp_06_thresh_merge_55
0,0,0.2,0.142857143,0.166666667,7,0.953488372,sp_06_thresh_merge_60
1,1,0.971428571,0.980769231,0.976076555,208,0.953488372,sp_06_thresh_merge_60
2,accuracy,0.953488372,0.953488372,0.953488372,0.953488372,0.953488372,sp_06_thresh_merge_60
3,macro avg,0.585714286,0.561813187,0.571371611,215,0.953488372,sp_06_thresh_merge_60
4,weighted avg,0.946312292,0.953488372,0.949723675,215,0.953488372,sp_06_thresh_merge_60
0,0,0.2,0.285714286,0.235294118,7,0.939534884,sp_06_thresh_merge_65
1,1,0.975609756,0.961538462,0.968523002,208,0.939534884,sp_06_thresh_merge_65
2,accuracy,0.939534884,0.939534884,0.939534884,0.939534884,0.939534884,sp_06_thresh_merge_65
3,macro avg,0.587804878,0.623626374,0.60190856,215,0.939534884,sp_06_thresh_merge_65
4,weighted avg,0.950357345,0.939534884,0.944650434,215,0.939534884,sp_06_thresh_merge_65
0,0,0.214285714,0.428571429,0.285714286,7,0.930232558,sp_06_thresh_merge_70
1,1,0.980099502,0.947115385,0.963325183,208,0.930232558,sp_06_thresh_merge_70
2,accuracy,0.930232558,0.930232558,0.930232558,0.930232558,0.930232558,sp_06_thresh_merge_70
3,macro avg,0.597192608,0.687843407,0.624519735,215,0.930232558,sp_06_thresh_merge_70
4,weighted avg,0.95516603,0.930232558,0.941263433,215,0.930232558,sp_06_thresh_merge_70
0,0,0.130434783,0.428571429,0.2,7,0.888372093,sp_06_thresh_merge_75
1,1,0.979166667,0.903846154,0.94,208,0.888372093,sp_06_thresh_merge_75
2,accuracy,0.888372093,0.888372093,0.888372093,0.888372093,0.888372093,sp_06_thresh_merge_75
3,macro avg,0.554800725,0.666208791,0.57,215,0.888372093,sp_06_thresh_merge_75
4,weighted avg,0.951533536,0.888372093,0.915906977,215,0.888372093,sp_06_thresh_merge_75
0,0,0.083333333,0.428571429,0.139534884,7,0.827906977,sp_06_thresh_merge_80
1,1,0.977653631,0.841346154,0.904392765,208,0.827906977,sp_06_thresh_merge_80
2,accuracy,0.827906977,0.827906977,0.827906977,0.827906977,0.827906977,sp_06_thresh_merge_80
3,macro avg,0.530493482,0.634958791,0.521963824,215,0.827906977,sp_06_thresh_merge_80
4,weighted avg,0.948536226,0.827906977,0.879490415,215,0.827906977,sp_06_thresh_merge_80
0,0,0.090909091,0.714285714,0.161290323,7,0.758139535,sp_06_thresh_merge_85
1,1,0.9875,0.759615385,0.858695652,208,0.758139535,sp_06_thresh_merge_85
2,accuracy,0.758139535,0.758139535,0.758139535,0.758139535,0.758139535,sp_06_thresh_merge_85
3,macro avg,0.539204545,0.736950549,0.509992987,215,0.758139535,sp_06_thresh_merge_85
4,weighted avg,0.958308668,0.758139535,0.835989432,215,0.758139535,sp_06_thresh_merge_85
0,0,0.057142857,0.857142857,0.107142857,7,0.534883721,sp_06_thresh_merge_90
1,1,0.990909091,0.524038462,0.685534591,208,0.534883721,sp_06_thresh_merge_90
2,accuracy,0.534883721,0.534883721,0.534883721,0.534883721,0.534883721,sp_06_thresh_merge_90
3,macro avg,0.524025974,0.690590659,0.396338724,215,0.534883721,sp_06_thresh_merge_90
4,weighted avg,0.9605074,0.534883721,0.666703232,215,0.534883721,sp_06_thresh_merge_90
0,0,0.046666667,1,0.089171975,7,0.334883721,sp_06_thresh_merge_95
1,1,1,0.3125,0.476190476,208,0.334883721,sp_06_thresh_merge_95
2,accuracy,0.334883721,0.334883721,0.334883721,0.334883721,0.334883721,sp_06_thresh_merge_95
3,macro avg,0.523333333,0.65625,0.282681225,215,0.334883721,sp_06_thresh_merge_95
4,weighted avg,0.96896124,0.334883721,0.463589874,215,0.334883721,sp_06_thresh_merge_95
0,0,0.1,0.142857143,0.117647059,7,0.930232558,sp_075_thresh_merge_50
1,1,0.970731707,0.956730769,0.963680387,208,0.930232558,sp_075_thresh_merge_50
2,accuracy,0.930232558,0.930232558,0.930232558,0.930232558,0.930232558,sp_075_thresh_merge_50
3,macro avg,0.535365854,0.549793956,0.540663723,215,0.930232558,sp_075_thresh_merge_50
4,weighted avg,0.942382303,0.930232558,0.936135116,215,0.930232558,sp_075_thresh_merge_50
0,0,0.136363636,0.428571429,0.206896552,7,0.893023256,sp_075_thresh_merge_55
1,1,0.979274611,0.908653846,0.942643392,208,0.893023256,sp_075_thresh_merge_55
2,accuracy,0.893023256,0.893023256,0.893023256,0.893023256,0.893023256,sp_075_thresh_merge_55
3,macro avg,0.557819124,0.668612637,0.574769972,215,0.893023256,sp_075_thresh_merge_55
4,weighted avg,0.951830998,0.893023256,0.918688843,215,0.893023256,sp_075_thresh_merge_55
0,0,0.096774194,0.428571429,0.157894737,7,0.851162791,sp_075_thresh_merge_60
1,1,0.97826087,0.865384615,0.918367347,208,0.851162791,sp_075_thresh_merge_60
2,accuracy,0.851162791,0.851162791,0.851162791,0.851162791,0.851162791,sp_075_thresh_merge_60
3,macro avg,0.537517532,0.646978022,0.538131042,215,0.851162791,sp_075_thresh_merge_60
4,weighted avg,0.949561303,0.851162791,0.893607774,215,0.851162791,sp_075_thresh_merge_60
0,0,0.069767442,0.428571429,0.12,7,0.795348837,sp_075_thresh_merge_65
1,1,0.976744186,0.807692308,0.884210526,208,0.795348837,sp_075_thresh_merge_65
2,accuracy,0.795348837,0.795348837,0.795348837,0.795348837,0.795348837,sp_075_thresh_merge_65
3,macro avg,0.523255814,0.618131868,0.502105263,215,0.795348837,sp_075_thresh_merge_65
4,weighted avg,0.947214711,0.795348837,0.859329253,215,0.795348837,sp_075_thresh_merge_65
0,0,0.068965517,0.571428571,0.123076923,7,0.734883721,sp_075_thresh_merge_70
1,1,0.98089172,0.740384615,0.843835616,208,0.734883721,sp_075_thresh_merge_70
2,accuracy,0.734883721,0.734883721,0.734883721,0.734883721,0.734883721,sp_075_thresh_merge_70
3,macro avg,0.524928618,0.655906593,0.48345627,215,0.734883721,sp_075_thresh_merge_70
4,weighted avg,0.951201099,0.734883721,0.820369054,215,0.734883721,sp_075_thresh_merge_70
0,0,0.068181818,0.857142857,0.126315789,7,0.613953488,sp_075_thresh_merge_75
1,1,0.992125984,0.605769231,0.752238806,208,0.613953488,sp_075_thresh_merge_75
2,accuracy,0.613953488,0.613953488,0.613953488,0.613953488,0.613953488,sp_075_thresh_merge_75
3,macro avg,0.530153901,0.731456044,0.439277298,215,0.613953488,sp_075_thresh_merge_75
4,weighted avg,0.962044081,0.613953488,0.731859917,215,0.613953488,sp_075_thresh_merge_75
0,0,0.0625,1,0.117647059,7,0.511627907,sp_075_thresh_merge_80
1,1,1,0.495192308,0.662379421,208,0.511627907,sp_075_thresh_merge_80
2,accuracy,0.511627907,0.511627907,0.511627907,0.511627907,0.511627907,sp_075_thresh_merge_80
3,macro avg,0.53125,0.747596154,0.39001324,215,0.511627907,sp_075_thresh_merge_80
4,weighted avg,0.969476744,0.511627907,0.644643949,215,0.511627907,sp_075_thresh_merge_80
0,0,0.049295775,1,0.093959732,7,0.372093023,sp_075_thresh_merge_85
1,1,1,0.350961538,0.519572954,208,0.372093023,sp_075_thresh_merge_85
2,accuracy,0.372093023,0.372093023,0.372093023,0.372093023,0.372093023,sp_075_thresh_merge_85
3,macro avg,0.524647887,0.675480769,0.306766343,215,0.372093023,sp_075_thresh_merge_85
4,weighted avg,0.969046839,0.372093023,0.505715779,215,0.372093023,sp_075_thresh_merge_85
0,0,0.038251366,1,0.073684211,7,0.181395349,sp_075_thresh_merge_90
1,1,1,0.153846154,0.266666667,208,0.181395349,sp_075_thresh_merge_90
2,accuracy,0.181395349,0.181395349,0.181395349,0.181395349,0.181395349,sp_075_thresh_merge_90
3,macro avg,0.519125683,0.576923077,0.170175439,215,0.181395349,sp_075_thresh_merge_90
4,weighted avg,0.968687254,0.181395349,0.260383517,215,0.181395349,sp_075_thresh_merge_90
0,0,0.034313725,1,0.066350711,7,0.08372093,sp_075_thresh_merge_95
1,1,1,0.052884615,0.100456621,208,0.08372093,sp_075_thresh_merge_95
2,accuracy,0.08372093,0.08372093,0.08372093,0.08372093,0.08372093,sp_075_thresh_merge_95
3,macro avg,0.517156863,0.526442308,0.083403666,215,0.08372093,sp_075_thresh_merge_95
4,weighted avg,0.968559052,0.08372093,0.099346196,215,0.08372093,sp_075_thresh_merge_95
0,0,0,0,0,7,0.944186047,sp_07_thresh_merge_50
1,1,0.966666667,0.975961538,0.971291866,208,0.944186047,sp_07_thresh_merge_50
2,accuracy,0.944186047,0.944186047,0.944186047,0.944186047,0.944186047,sp_07_thresh_merge_50
3,macro avg,0.483333333,0.487980769,0.485645933,215,0.944186047,sp_07_thresh_merge_50
4,weighted avg,0.935193798,0.944186047,0.93966841,215,0.944186047,sp_07_thresh_merge_50
0,0,0.090909091,0.142857143,0.111111111,7,0.925581395,sp_07_thresh_merge_55
1,1,0.970588235,0.951923077,0.961165049,208,0.925581395,sp_07_thresh_merge_55
2,accuracy,0.925581395,0.925581395,0.925581395,0.925581395,0.925581395,sp_07_thresh_merge_55
3,macro avg,0.530748663,0.54739011,0.53613808,215,0.925581395,sp_07_thresh_merge_55
4,weighted avg,0.941947519,0.925581395,0.933488874,215,0.925581395,sp_07_thresh_merge_55
0,0,0.157894737,0.428571429,0.230769231,7,0.906976744,sp_07_thresh_merge_60
1,1,0.979591837,0.923076923,0.95049505,208,0.906976744,sp_07_thresh_merge_60
2,accuracy,0.906976744,0.906976744,0.906976744,0.906976744,0.906976744,sp_07_thresh_merge_60
3,macro avg,0.568743287,0.675824176,0.59063214,215,0.906976744,sp_07_thresh_merge_60
4,weighted avg,0.952838908,0.906976744,0.927062116,215,0.906976744,sp_07_thresh_merge_60
0,0,0.12,0.428571429,0.1875,7,0.879069767,sp_07_thresh_merge_65
1,1,0.978947368,0.894230769,0.934673367,208,0.879069767,sp_07_thresh_merge_65
2,accuracy,0.879069767,0.879069767,0.879069767,0.879069767,0.879069767,sp_07_thresh_merge_65
3,macro avg,0.549473684,0.661401099,0.561086683,215,0.879069767,sp_07_thresh_merge_65
4,weighted avg,0.95098164,0.879069767,0.910346792,215,0.879069767,sp_07_thresh_merge_65
0,0,0.083333333,0.428571429,0.139534884,7,0.827906977,sp_07_thresh_merge_70
1,1,0.977653631,0.841346154,0.904392765,208,0.827906977,sp_07_thresh_merge_70
2,accuracy,0.827906977,0.827906977,0.827906977,0.827906977,0.827906977,sp_07_thresh_merge_70
3,macro avg,0.530493482,0.634958791,0.521963824,215,0.827906977,sp_07_thresh_merge_70
4,weighted avg,0.948536226,0.827906977,0.879490415,215,0.827906977,sp_07_thresh_merge_70
0,0,0.051724138,0.428571429,0.092307692,7,0.725581395,sp_07_thresh_merge_75
1,1,0.974522293,0.735576923,0.838356164,208,0.725581395,sp_07_thresh_merge_75
2,accuracy,0.725581395,0.725581395,0.725581395,0.725581395,0.725581395,sp_07_thresh_merge_75
3,macro avg,0.513123215,0.582074176,0.465331928,215,0.725581395,sp_07_thresh_merge_75
4,weighted avg,0.944477702,0.725581395,0.814066214,215,0.725581395,sp_07_thresh_merge_75
0,0,0.064102564,0.714285714,0.117647059,7,0.651162791,sp_07_thresh_merge_80
1,1,0.98540146,0.649038462,0.782608696,208,0.651162791,sp_07_thresh_merge_80
2,accuracy,0.651162791,0.651162791,0.651162791,0.651162791,0.651162791,sp_07_thresh_merge_80
3,macro avg,0.524752012,0.681662088,0.450127877,215,0.651162791,sp_07_thresh_merge_80
4,weighted avg,0.955405682,0.651162791,0.760958782,215,0.651162791,sp_07_thresh_merge_80
0,0,0.066037736,1,0.123893805,7,0.539534884,sp_07_thresh_merge_85
1,1,1,0.524038462,0.687697161,208,0.539534884,sp_07_thresh_merge_85
2,accuracy,0.539534884,0.539534884,0.539534884,0.539534884,0.539534884,sp_07_thresh_merge_85
3,macro avg,0.533018868,0.762019231,0.405795483,215,0.539534884,sp_07_thresh_merge_85
4,weighted avg,0.969591926,0.539534884,0.669340773,215,0.539534884,sp_07_thresh_merge_85
0,0,0.049295775,1,0.093959732,7,0.372093023,sp_07_thresh_merge_90
1,1,1,0.350961538,0.519572954,208,0.372093023,sp_07_thresh_merge_90
2,accuracy,0.372093023,0.372093023,0.372093023,0.372093023,0.372093023,sp_07_thresh_merge_90
3,macro avg,0.524647887,0.675480769,0.306766343,215,0.372093023,sp_07_thresh_merge_90
4,weighted avg,0.969046839,0.372093023,0.505715779,215,0.372093023,sp_07_thresh_merge_90
0,0,0.038251366,1,0.073684211,7,0.181395349,sp_07_thresh_merge_95
1,1,1,0.153846154,0.266666667,208,0.181395349,sp_07_thresh_merge_95
2,accuracy,0.181395349,0.181395349,0.181395349,0.181395349,0.181395349,sp_07_thresh_merge_95
3,macro avg,0.519125683,0.576923077,0.170175439,215,0.181395349,sp_07_thresh_merge_95
4,weighted avg,0.968687254,0.181395349,0.260383517,215,0.181395349,sp_07_thresh_merge_95
0,0,0.130434783,0.428571429,0.2,7,0.888372093,sp_085_thresh_merge_50
1,1,0.979166667,0.903846154,0.94,208,0.888372093,sp_085_thresh_merge_50
2,accuracy,0.888372093,0.888372093,0.888372093,0.888372093,0.888372093,sp_085_thresh_merge_50
3,macro avg,0.554800725,0.666208791,0.57,215,0.888372093,sp_085_thresh_merge_50
4,weighted avg,0.951533536,0.888372093,0.915906977,215,0.888372093,sp_085_thresh_merge_50
0,0,0.096774194,0.428571429,0.157894737,7,0.851162791,sp_085_thresh_merge_55
1,1,0.97826087,0.865384615,0.918367347,208,0.851162791,sp_085_thresh_merge_55
2,accuracy,0.851162791,0.851162791,0.851162791,0.851162791,0.851162791,sp_085_thresh_merge_55
3,macro avg,0.537517532,0.646978022,0.538131042,215,0.851162791,sp_085_thresh_merge_55
4,weighted avg,0.949561303,0.851162791,0.893607774,215,0.851162791,sp_085_thresh_merge_55
0,0,0.068181818,0.428571429,0.117647059,7,0.790697674,sp_085_thresh_merge_60
1,1,0.976608187,0.802884615,0.881266491,208,0.790697674,sp_085_thresh_merge_60
2,accuracy,0.790697674,0.790697674,0.790697674,0.790697674,0.790697674,sp_085_thresh_merge_60
3,macro avg,0.522395003,0.615728022,0.499456775,215,0.790697674,sp_085_thresh_merge_60
4,weighted avg,0.947031515,0.790697674,0.856404463,215,0.790697674,sp_085_thresh_merge_60
0,0,0.072463768,0.714285714,0.131578947,7,0.693023256,sp_085_thresh_merge_65
1,1,0.98630137,0.692307692,0.813559322,208,0.693023256,sp_085_thresh_merge_65
2,accuracy,0.693023256,0.693023256,0.693023256,0.693023256,0.693023256,sp_085_thresh_merge_65
3,macro avg,0.529382569,0.703296703,0.472569135,215,0.693023256,sp_085_thresh_merge_65
4,weighted avg,0.956548518,0.693023256,0.79135531,215,0.693023256,sp_085_thresh_merge_65
0,0,0.074468085,1,0.138613861,7,0.595348837,sp_085_thresh_merge_70
1,1,1,0.581730769,0.73556231,208,0.595348837,sp_085_thresh_merge_70
2,accuracy,0.595348837,0.595348837,0.595348837,0.595348837,0.595348837,sp_085_thresh_merge_70
3,macro avg,0.537234043,0.790865385,0.437088086,215,0.595348837,sp_085_thresh_merge_70
4,weighted avg,0.969866403,0.595348837,0.716126779,215,0.595348837,sp_085_thresh_merge_70
0,0,0.058333333,1,0.11023622,7,0.474418605,sp_085_thresh_merge_75
1,1,1,0.456730769,0.627062706,208,0.474418605,sp_085_thresh_merge_75
2,accuracy,0.474418605,0.474418605,0.474418605,0.474418605,0.474418605,sp_085_thresh_merge_75
3,macro avg,0.529166667,0.728365385,0.368649463,215,0.474418605,sp_085_thresh_merge_75
4,weighted avg,0.969341085,0.474418605,0.610235797,215,0.474418605,sp_085_thresh_merge_75
0,0,0.042168675,1,0.080924855,7,0.260465116,sp_085_thresh_merge_80
1,1,1,0.235576923,0.381322957,208,0.260465116,sp_085_thresh_merge_80
2,accuracy,0.260465116,0.260465116,0.260465116,0.260465116,0.260465116,sp_085_thresh_merge_80
3,macro avg,0.521084337,0.617788462,0.231123906,215,0.260465116,sp_085_thresh_merge_80
4,weighted avg,0.968814794,0.260465116,0.371542554,215,0.260465116,sp_085_thresh_merge_80
0,0,0.035175879,1,0.067961165,7,0.106976744,sp_085_thresh_merge_85
1,1,1,0.076923077,0.142857143,208,0.106976744,sp_085_thresh_merge_85
2,accuracy,0.106976744,0.106976744,0.106976744,0.106976744,0.106976744,sp_085_thresh_merge_85
3,macro avg,0.51758794,0.538461538,0.105409154,215,0.106976744,sp_085_thresh_merge_85
4,weighted avg,0.968587122,0.106976744,0.140418669,215,0.106976744,sp_085_thresh_merge_85
0,0,0.03286385,1,0.063636364,7,0.041860465,sp_085_thresh_merge_90
1,1,1,0.009615385,0.019047619,208,0.041860465,sp_085_thresh_merge_90
2,accuracy,0.041860465,0.041860465,0.041860465,0.041860465,0.041860465,sp_085_thresh_merge_90
3,macro avg,0.516431925,0.504807692,0.041341991,215,0.041860465,sp_085_thresh_merge_90
4,weighted avg,0.968511846,0.041860465,0.020499346,215,0.041860465,sp_085_thresh_merge_90
0,0,0.03255814,1,0.063063063,7,0.03255814,sp_085_thresh_merge_95
1,1,0,0,0,208,0.03255814,sp_085_thresh_merge_95
2,accuracy,0.03255814,0.03255814,0.03255814,0.03255814,0.03255814,sp_085_thresh_merge_95
3,macro avg,0.01627907,0.5,0.031531532,215,0.03255814,sp_085_thresh_merge_95
4,weighted avg,0.001060032,0.03255814,0.002053216,215,0.03255814,sp_085_thresh_merge_95
0,0,0.125,0.285714286,0.173913043,7,0.911627907,sp_08_thresh_merge_50
1,1,0.974874372,0.932692308,0.953316953,208,0.911627907,sp_08_thresh_merge_50
2,accuracy,0.911627907,0.911627907,0.911627907,0.911627907,0.911627907,sp_08_thresh_merge_50
3,macro avg,0.549937186,0.609203297,0.563614998,215,0.911627907,sp_08_thresh_merge_50
4,weighted avg,0.947204043,0.911627907,0.927941012,215,0.911627907,sp_08_thresh_merge_50
0,0,0.12,0.428571429,0.1875,7,0.879069767,sp_08_thresh_merge_55
1,1,0.978947368,0.894230769,0.934673367,208,0.879069767,sp_08_thresh_merge_55
2,accuracy,0.879069767,0.879069767,0.879069767,0.879069767,0.879069767,sp_08_thresh_merge_55
3,macro avg,0.549473684,0.661401099,0.561086683,215,0.879069767,sp_08_thresh_merge_55
4,weighted avg,0.95098164,0.879069767,0.910346792,215,0.879069767,sp_08_thresh_merge_55
0,0,0.078947368,0.428571429,0.133333333,7,0.818604651,sp_08_thresh_merge_60
1,1,0.97740113,0.831730769,0.898701299,208,0.818604651,sp_08_thresh_merge_60
2,accuracy,0.818604651,0.818604651,0.818604651,0.818604651,0.818604651,sp_08_thresh_merge_60
3,macro avg,0.528174249,0.630151099,0.516017316,215,0.818604651,sp_08_thresh_merge_60
4,weighted avg,0.948149147,0.818604651,0.873782342,215,0.818604651,sp_08_thresh_merge_60
0,0,0.06,0.428571429,0.105263158,7,0.762790698,sp_08_thresh_merge_65
1,1,0.975757576,0.774038462,0.863270777,208,0.762790698,sp_08_thresh_merge_65
2,accuracy,0.762790698,0.762790698,0.762790698,0.762790698,0.762790698,sp_08_thresh_merge_65
3,macro avg,0.517878788,0.601304945,0.484266968,215,0.762790698,sp_08_thresh_merge_65
4,weighted avg,0.945942213,0.762790698,0.83859146,215,0.762790698,sp_08_thresh_merge_65
0,0,0.065789474,0.714285714,0.120481928,7,0.660465116,sp_08_thresh_merge_70
1,1,0.985611511,0.658653846,0.78962536,208,0.660465116,sp_08_thresh_merge_70
2,accuracy,0.660465116,0.660465116,0.660465116,0.660465116,0.660465116,sp_08_thresh_merge_70
3,macro avg,0.525700492,0.68646978,0.455053644,215,0.660465116,sp_08_thresh_merge_70
4,weighted avg,0.955663817,0.660465116,0.767839295,215,0.660465116,sp_08_thresh_merge_70
0,0,0.070707071,1,0.132075472,7,0.572093023,sp_08_thresh_merge_75
1,1,1,0.557692308,0.716049383,208,0.572093023,sp_08_thresh_merge_75
2,accuracy,0.572093023,0.572093023,0.572093023,0.572093023,0.572093023,sp_08_thresh_merge_75
3,macro avg,0.535353535,0.778846154,0.424062427,215,0.572093023,sp_08_thresh_merge_75
4,weighted avg,0.969743951,0.572093023,0.697036279,215,0.572093023,sp_08_thresh_merge_75
0,0,0.053435115,1,0.101449275,7,0.423255814,sp_08_thresh_merge_80
1,1,1,0.403846154,0.575342466,208,0.423255814,sp_08_thresh_merge_80
2,accuracy,0.423255814,0.423255814,0.423255814,0.423255814,0.423255814,sp_08_thresh_merge_80
3,macro avg,0.526717557,0.701923077,0.338395871,215,0.423255814,sp_08_thresh_merge_80
4,weighted avg,0.969181608,0.423255814,0.559913385,215,0.423255814,sp_08_thresh_merge_80
0,0,0.039772727,1,0.076502732,7,0.213953488,sp_08_thresh_merge_85
1,1,1,0.1875,0.315789474,208,0.213953488,sp_08_thresh_merge_85
2,accuracy,0.213953488,0.213953488,0.213953488,0.213953488,0.213953488,sp_08_thresh_merge_85
3,macro avg,0.519886364,0.59375,0.196146103,215,0.213953488,sp_08_thresh_merge_85
4,weighted avg,0.968736786,0.213953488,0.307998743,215,0.213953488,sp_08_thresh_merge_85
0,0,0.035175879,1,0.067961165,7,0.106976744,sp_08_thresh_merge_90
1,1,1,0.076923077,0.142857143,208,0.106976744,sp_08_thresh_merge_90
2,accuracy,0.106976744,0.106976744,0.106976744,0.106976744,0.106976744,sp_08_thresh_merge_90
3,macro avg,0.51758794,0.538461538,0.105409154,215,0.106976744,sp_08_thresh_merge_90
4,weighted avg,0.968587122,0.106976744,0.140418669,215,0.106976744,sp_08_thresh_merge_90
0,0,0.03271028,1,0.063348416,7,0.037209302,sp_08_thresh_merge_95
1,1,1,0.004807692,0.009569378,208,0.037209302,sp_08_thresh_merge_95
2,accuracy,0.037209302,0.037209302,0.037209302,0.037209302,0.037209302,sp_08_thresh_merge_95
3,macro avg,0.51635514,0.502403846,0.036458897,215,0.037209302,sp_08_thresh_merge_95
4,weighted avg,0.968506846,0.037209302,0.011320323,215,0.037209302,sp_08_thresh_merge_95
0,0,0.12,0.428571429,0.1875,7,0.879069767,sp_09_thresh_merge_50
1,1,0.978947368,0.894230769,0.934673367,208,0.879069767,sp_09_thresh_merge_50
2,accuracy,0.879069767,0.879069767,0.879069767,0.879069767,0.879069767,sp_09_thresh_merge_50
3,macro avg,0.549473684,0.661401099,0.561086683,215,0.879069767,sp_09_thresh_merge_50
4,weighted avg,0.95098164,0.879069767,0.910346792,215,0.879069767,sp_09_thresh_merge_50
0,0,0.078947368,0.428571429,0.133333333,7,0.818604651,sp_09_thresh_merge_55
1,1,0.97740113,0.831730769,0.898701299,208,0.818604651,sp_09_thresh_merge_55
2,accuracy,0.818604651,0.818604651,0.818604651,0.818604651,0.818604651,sp_09_thresh_merge_55
3,macro avg,0.528174249,0.630151099,0.516017316,215,0.818604651,sp_09_thresh_merge_55
4,weighted avg,0.948149147,0.818604651,0.873782342,215,0.818604651,sp_09_thresh_merge_55
0,0,0.06,0.428571429,0.105263158,7,0.762790698,sp_09_thresh_merge_60
1,1,0.975757576,0.774038462,0.863270777,208,0.762790698,sp_09_thresh_merge_60
2,accuracy,0.762790698,0.762790698,0.762790698,0.762790698,0.762790698,sp_09_thresh_merge_60
3,macro avg,0.517878788,0.601304945,0.484266968,215,0.762790698,sp_09_thresh_merge_60
4,weighted avg,0.945942213,0.762790698,0.83859146,215,0.762790698,sp_09_thresh_merge_60
0,0,0.093333333,1,0.170731707,7,0.68372093,sp_09_thresh_merge_65
1,1,1,0.673076923,0.804597701,208,0.68372093,sp_09_thresh_merge_65
2,accuracy,0.68372093,0.68372093,0.68372093,0.68372093,0.68372093,sp_09_thresh_merge_65
3,macro avg,0.546666667,0.836538462,0.487664704,215,0.68372093,sp_09_thresh_merge_65
4,weighted avg,0.97048062,0.68372093,0.783960204,215,0.68372093,sp_09_thresh_merge_65
0,0,0.066666667,1,0.125,7,0.544186047,sp_09_thresh_merge_70
1,1,1,0.528846154,0.691823899,208,0.544186047,sp_09_thresh_merge_70
2,accuracy,0.544186047,0.544186047,0.544186047,0.544186047,0.544186047,sp_09_thresh_merge_70
3,macro avg,0.533333333,0.764423077,0.40841195,215,0.544186047,sp_09_thresh_merge_70
4,weighted avg,0.969612403,0.544186047,0.673369168,215,0.544186047,sp_09_thresh_merge_70
0,0,0.050724638,1,0.096551724,7,0.390697674,sp_09_thresh_merge_75
1,1,1,0.370192308,0.540350877,208,0.390697674,sp_09_thresh_merge_75
2,accuracy,0.390697674,0.390697674,0.390697674,0.390697674,0.390697674,sp_09_thresh_merge_75
3,macro avg,0.525362319,0.685096154,0.318451301,215,0.390697674,sp_09_thresh_merge_75
4,weighted avg,0.96909336,0.390697674,0.525901602,215,0.390697674,sp_09_thresh_merge_75
0,0,0.037234043,1,0.071794872,7,0.158139535,sp_09_thresh_merge_80
1,1,1,0.129807692,0.229787234,208,0.158139535,sp_09_thresh_merge_80
2,accuracy,0.158139535,0.158139535,0.158139535,0.158139535,0.158139535,sp_09_thresh_merge_80
3,macro avg,0.518617021,0.564903846,0.150791053,215,0.158139535,sp_09_thresh_merge_80
4,weighted avg,0.968654132,0.158139535,0.224643297,215,0.158139535,sp_09_thresh_merge_80
0,0,0.033980583,1,0.0657277,7,0.074418605,sp_09_thresh_merge_85
1,1,1,0.043269231,0.082949309,208,0.074418605,sp_09_thresh_merge_85
2,accuracy,0.074418605,0.074418605,0.074418605,0.074418605,0.074418605,sp_09_thresh_merge_85
3,macro avg,0.516990291,0.521634615,0.074338504,215,0.074418605,sp_09_thresh_merge_85
4,weighted avg,0.968548205,0.074418605,0.082388605,215,0.074418605,sp_09_thresh_merge_85
0,0,0.03255814,1,0.063063063,7,0.03255814,sp_09_thresh_merge_90
1,1,0,0,0,208,0.03255814,sp_09_thresh_merge_90
2,accuracy,0.03255814,0.03255814,0.03255814,0.03255814,0.03255814,sp_09_thresh_merge_90
3,macro avg,0.01627907,0.5,0.031531532,215,0.03255814,sp_09_thresh_merge_90
4,weighted avg,0.001060032,0.03255814,0.002053216,215,0.03255814,sp_09_thresh_merge_90
0,0,0.03255814,1,0.063063063,7,0.03255814,sp_09_thresh_merge_95
1,1,0,0,0,208,0.03255814,sp_09_thresh_merge_95
2,accuracy,0.03255814,0.03255814,0.03255814,0.03255814,0.03255814,sp_09_thresh_merge_95
3,macro avg,0.01627907,0.5,0.031531532,215,0.03255814,sp_09_thresh_merge_95
4,weighted avg,0.001060032,0.03255814,0.002053216,215,0.03255814,sp_09_thresh_merge_95
0,0,0,0,0,7,0.962790698,sp_65_thresh_merge_50
1,1,0.96728972,0.995192308,0.981042654,208,0.962790698,sp_65_thresh_merge_50
2,accuracy,0.962790698,0.962790698,0.962790698,0.962790698,0.962790698,sp_65_thresh_merge_50
3,macro avg,0.48364486,0.497596154,0.490521327,215,0.962790698,sp_65_thresh_merge_50
4,weighted avg,0.935796566,0.962790698,0.94910173,215,0.962790698,sp_65_thresh_merge_50
0,0,0.166666667,0.142857143,0.153846154,7,0.948837209,sp_65_thresh_merge_55
1,1,0.971291866,0.975961538,0.973621103,208,0.948837209,sp_65_thresh_merge_55
2,accuracy,0.948837209,0.948837209,0.948837209,0.948837209,0.948837209,sp_65_thresh_merge_55
3,macro avg,0.568979266,0.559409341,0.563733628,215,0.948837209,sp_65_thresh_merge_55
4,weighted avg,0.945094767,0.948837209,0.946930756,215,0.948837209,sp_65_thresh_merge_55
0,0,0.125,0.142857143,0.133333333,7,0.939534884,sp_65_thresh_merge_60
1,1,0.971014493,0.966346154,0.968674699,208,0.939534884,sp_65_thresh_merge_60
2,accuracy,0.939534884,0.939534884,0.939534884,0.939534884,0.939534884,sp_65_thresh_merge_60
3,macro avg,0.548007246,0.554601648,0.551004016,215,0.939534884,sp_65_thresh_merge_60
4,weighted avg,0.943469835,0.939534884,0.941477538,215,0.939534884,sp_65_thresh_merge_60
0,0,0.153846154,0.285714286,0.2,7,0.925581395,sp_65_thresh_merge_65
1,1,0.975247525,0.947115385,0.96097561,208,0.925581395,sp_65_thresh_merge_65
2,accuracy,0.925581395,0.925581395,0.925581395,0.925581395,0.925581395,sp_65_thresh_merge_65
3,macro avg,0.564546839,0.616414835,0.580487805,215,0.925581395,sp_65_thresh_merge_65
4,weighted avg,0.948504224,0.925581395,0.93619966,215,0.925581395,sp_65_thresh_merge_65
0,0,0.136363636,0.428571429,0.206896552,7,0.893023256,sp_65_thresh_merge_70
1,1,0.979274611,0.908653846,0.942643392,208,0.893023256,sp_65_thresh_merge_70
2,accuracy,0.893023256,0.893023256,0.893023256,0.893023256,0.893023256,sp_65_thresh_merge_70
3,macro avg,0.557819124,0.668612637,0.574769972,215,0.893023256,sp_65_thresh_merge_70
4,weighted avg,0.951830998,0.893023256,0.918688843,215,0.893023256,sp_65_thresh_merge_70
0,0,0.090909091,0.428571429,0.15,7,0.841860465,sp_65_thresh_merge_75
1,1,0.978021978,0.855769231,0.912820513,208,0.841860465,sp_65_thresh_merge_75
2,accuracy,0.841860465,0.841860465,0.841860465,0.841860465,0.841860465,sp_65_thresh_merge_75
3,macro avg,0.534465534,0.64217033,0.531410256,215,0.841860465,sp_65_thresh_merge_75
4,weighted avg,0.949139233,0.841860465,0.887984496,215,0.841860465,sp_65_thresh_merge_75
0,0,0.070175439,0.571428571,0.125,7,0.739534884,sp_65_thresh_merge_80
1,1,0.981012658,0.745192308,0.846994536,208,0.739534884,sp_65_thresh_merge_80
2,accuracy,0.739534884,0.739534884,0.739534884,0.739534884,0.739534884,sp_65_thresh_merge_80
3,macro avg,0.525594048,0.65831044,0.485997268,215,0.739534884,sp_65_thresh_merge_80
4,weighted avg,0.951357493,0.739534884,0.823487737,215,0.739534884,sp_65_thresh_merge_80
0,0,0.072289157,0.857142857,0.133333333,7,0.637209302,sp_65_thresh_merge_85
1,1,0.992424242,0.629807692,0.770588235,208,0.637209302,sp_65_thresh_merge_85
2,accuracy,0.637209302,0.637209302,0.637209302,0.637209302,0.637209302,sp_65_thresh_merge_85
3,macro avg,0.5323567,0.743475275,0.451960784,215,0.637209302,sp_65_thresh_merge_85
4,weighted avg,0.962466356,0.637209302,0.749840401,215,0.637209302,sp_65_thresh_merge_85
0,0,0.058823529,1,0.111111111,7,0.479069767,sp_65_thresh_merge_90
1,1,1,0.461538462,0.631578947,208,0.479069767,sp_65_thresh_merge_90
2,accuracy,0.479069767,0.479069767,0.479069767,0.479069767,0.479069767,sp_65_thresh_merge_90
3,macro avg,0.529411765,0.730769231,0.371345029,215,0.479069767,sp_65_thresh_merge_90
4,weighted avg,0.969357045,0.479069767,0.614633483,215,0.479069767,sp_65_thresh_merge_90
0,0,0.042682927,1,0.081871345,7,0.269767442,sp_65_thresh_merge_95
1,1,1,0.245192308,0.393822394,208,0.269767442,sp_65_thresh_merge_95
2,accuracy,0.269767442,0.269767442,0.269767442,0.269767442,0.269767442,sp_65_thresh_merge_95
3,macro avg,0.521341463,0.622596154,0.237846869,215,0.269767442,sp_65_thresh_merge_95
4,weighted avg,0.968831537,0.269767442,0.383665848,215,0.269767442,sp_65_thresh_merge_95
